rank,link,name
1001,http://www.rs05.com,<input class="icp--domain" type="hidden" value="rs05.com"/>
1002,http://www.haoliv.com,<input class="icp--domain" type="hidden" value="haoliv.com"/>
1003,http://www.xuebuyuan.com,<input class="icp--domain" type="hidden" value="xuebuyuan.com"/>
1004,http://www.topbiz360.com,<input class="icp--domain" type="hidden" value="topbiz360.com"/>
1005,http://www.amz123.com,<input class="icp--domain" type="hidden" value="amz123.com"/>
1006,http://www.sustc.edu.cn,<input class="icp--domain" type="hidden" value="sustc.edu.cn"/>
1007,http://www.962.net,<input class="icp--domain" type="hidden" value="962.net"/>
1008,http://www.verydesigner.cn,<input class="icp--domain" type="hidden" value="verydesigner.cn"/>
1009,http://www.aboutcg.org,<input class="icp--domain" type="hidden" value="aboutcg.org"/>
1010,http://www.hqew.com,<input class="icp--domain" type="hidden" value="hqew.com"/>
1011,http://www.icauto.com.cn,<input class="icp--domain" type="hidden" value="icauto.com.cn"/>
1012,http://www.newrank.cn,<input class="icp--domain" type="hidden" value="newrank.cn"/>
1013,http://www.ssports.com,<input class="icp--domain" type="hidden" value="ssports.com"/>
1014,http://www.maidi.me,<input class="icp--domain" type="hidden" value="maidi.me"/>
1015,http://www.qulishi.com,<input class="icp--domain" type="hidden" value="qulishi.com"/>
1016,http://www.qeqeqe.com,<input class="icp--domain" type="hidden" value="qeqeqe.com"/>
1017,http://www.90tiyu.com,<input class="icp--domain" type="hidden" value="90tiyu.com"/>
1018,http://www.51ade.com,<input class="icp--domain" type="hidden" value="51ade.com"/>
1019,http://www.jitaba.cn,<input class="icp--domain" type="hidden" value="jitaba.cn"/>
1020,http://www.zjzwfw.gov.cn,<input class="icp--domain" type="hidden" value="zjzwfw.gov.cn"/>
1021,http://www.paperpass.com,<input class="icp--domain" type="hidden" value="paperpass.com"/>
1022,http://www.zhaoshang.net,<input class="icp--domain" type="hidden" value="zhaoshang.net"/>
1023,http://www.supfree.net,<input class="icp--domain" type="hidden" value="supfree.net"/>
1024,http://www.bidcenter.com.cn,<input class="icp--domain" type="hidden" value="bidcenter.com.cn"/>
1025,http://www.timeoutcn.com,<input class="icp--domain" type="hidden" value="timeoutcn.com"/>
1026,http://www.unjs.com,<input class="icp--domain" type="hidden" value="unjs.com"/>
1027,http://www.dzsc.com,<input class="icp--domain" type="hidden" value="dzsc.com"/>
1028,http://www.china-ef.com,<input class="icp--domain" type="hidden" value="china-ef.com"/>
1029,http://www.gaoding.com,<input class="icp--domain" type="hidden" value="gaoding.com"/>
1030,http://www.800hr.com,<input class="icp--domain" type="hidden" value="800hr.com"/>
1031,http://www.pigai.org,<input class="icp--domain" type="hidden" value="pigai.org"/>
1032,http://www.chushou.tv,<input class="icp--domain" type="hidden" value="chushou.tv"/>
1033,http://www.yxad.com,<input class="icp--domain" type="hidden" value="yxad.com"/>
1034,http://www.jining.com,<input class="icp--domain" type="hidden" value="jining.com"/>
1035,http://www.yuanlin.com,<input class="icp--domain" type="hidden" value="yuanlin.com"/>
1036,http://www.wuzuowei.net,<input class="icp--domain" type="hidden" value="wuzuowei.net"/>
1037,http://www.cqnews.net,<input class="icp--domain" type="hidden" value="cqnews.net"/>
1038,http://www.zhainanfulishe.net,<input class="icp--domain" type="hidden" value="zhainanfulishe.net"/>
1039,http://www.freep.cn,<input class="icp--domain" type="hidden" value="freep.cn"/>
1040,http://www.gdzwfw.gov.cn,<input class="icp--domain" type="hidden" value="gdzwfw.gov.cn"/>
1041,http://www.weitainet.com,<input class="icp--domain" type="hidden" value="weitainet.com"/>
1042,http://www.ishuhui.com,<input class="icp--domain" type="hidden" value="ishuhui.com"/>
1043,http://www.myapp.com,<input class="icp--domain" type="hidden" value="myapp.com"/>
1044,http://www.ypppt.com,<input class="icp--domain" type="hidden" value="ypppt.com"/>
1045,http://www.chinabus.info,<input class="icp--domain" type="hidden" value="chinabus.info"/>
1046,http://www.jpyoo.com,<input class="icp--domain" type="hidden" value="jpyoo.com"/>
1047,http://www.cncn.com,<input class="icp--domain" type="hidden" value="cncn.com"/>
1048,http://www.zwskw.com,<input class="icp--domain" type="hidden" value="zwskw.com"/>
1049,http://www.nvidia.cn,<input class="icp--domain" type="hidden" value="nvidia.cn"/>
1050,http://www.liecheng.cn,<input class="icp--domain" type="hidden" value="liecheng.cn"/>
1051,http://www.chushoushijian.cn,<input class="icp--domain" type="hidden" value="chushoushijian.cn"/>
1052,http://www.neea.edu.cn,<input class="icp--domain" type="hidden" value="neea.edu.cn"/>
1053,http://www.viptijian.com,<input class="icp--domain" type="hidden" value="viptijian.com"/>
1054,http://www.itmop.com,<input class="icp--domain" type="hidden" value="itmop.com"/>
1055,http://www.xpgod.com,<input class="icp--domain" type="hidden" value="xpgod.com"/>
1056,http://www.u17.com,<input class="icp--domain" type="hidden" value="u17.com"/>
1057,http://www.aies.cn,<input class="icp--domain" type="hidden" value="aies.cn"/>
1058,http://www.7gz.com,<input class="icp--domain" type="hidden" value="7gz.com"/>
1059,http://www.weitushe.com,<input class="icp--domain" type="hidden" value="weitushe.com"/>
1060,http://www.zuojiaju.com,<input class="icp--domain" type="hidden" value="zuojiaju.com"/>
1061,http://www.ingping.com,<input class="icp--domain" type="hidden" value="ingping.com"/>
1062,http://www.kuaihou.com,<input class="icp--domain" type="hidden" value="kuaihou.com"/>
1063,http://www.chinaipo.com,<input class="icp--domain" type="hidden" value="chinaipo.com"/>
1064,http://www.baike369.com,<input class="icp--domain" type="hidden" value="baike369.com"/>
1065,http://www.feifustudio.com,<input class="icp--domain" type="hidden" value="feifustudio.com"/>
1066,http://www.aicheren.com,<input class="icp--domain" type="hidden" value="aicheren.com"/>
1067,http://www.265.com,<input class="icp--domain" type="hidden" value="265.com"/>
1068,http://www.doyo.cn,<input class="icp--domain" type="hidden" value="doyo.cn"/>
1069,http://www.zto.com,<input class="icp--domain" type="hidden" value="zto.com"/>
1070,http://www.wjdiy.cn,<input class="icp--domain" type="hidden" value="wjdiy.cn"/>
1071,http://www.2025china.cn,<input class="icp--domain" type="hidden" value="2025china.cn"/>
1072,http://www.yihaocar.com,<input class="icp--domain" type="hidden" value="yihaocar.com"/>
1073,http://www.zjtcn.com,<input class="icp--domain" type="hidden" value="zjtcn.com"/>
1074,http://www.dv37.com,<input class="icp--domain" type="hidden" value="dv37.com"/>
1075,http://www.easyicon.net,<input class="icp--domain" type="hidden" value="easyicon.net"/>
1076,http://www.sw2008.com,<input class="icp--domain" type="hidden" value="sw2008.com"/>
1077,http://www.ele.me,<input class="icp--domain" type="hidden" value="ele.me"/>
1078,http://www.ti.com.cn,<input class="icp--domain" type="hidden" value="ti.com.cn"/>
1079,http://www.xinshipu.com,<input class="icp--domain" type="hidden" value="xinshipu.com"/>
1080,http://www.9ku.com,<input class="icp--domain" type="hidden" value="9ku.com"/>
1081,http://www.ggmee.com,<input class="icp--domain" type="hidden" value="ggmee.com"/>
1082,http://www.cqmmgo.com,<input class="icp--domain" type="hidden" value="cqmmgo.com"/>
1083,http://www.72byte.com,<input class="icp--domain" type="hidden" value="72byte.com"/>
1084,http://www.learnku.com,<input class="icp--domain" type="hidden" value="learnku.com"/>
1085,http://www.xjtour.com,<input class="icp--domain" type="hidden" value="xjtour.com"/>
1086,http://www.pc841.com,<input class="icp--domain" type="hidden" value="pc841.com"/>
1087,http://www.ciliba.org,<input class="icp--domain" type="hidden" value="ciliba.org"/>
1088,http://www.sonimei.cn,<input class="icp--domain" type="hidden" value="sonimei.cn"/>
1089,http://www.dota2.com.cn,<input class="icp--domain" type="hidden" value="dota2.com.cn"/>
1090,http://www.xici.net,<input class="icp--domain" type="hidden" value="xici.net"/>
1091,http://www.chemicalbook.com,<input class="icp--domain" type="hidden" value="chemicalbook.com"/>
1092,http://www.cocoachina.com,<input class="icp--domain" type="hidden" value="cocoachina.com"/>
1093,http://www.zxart.cn,<input class="icp--domain" type="hidden" value="zxart.cn"/>
1094,http://www.izihun.com,<input class="icp--domain" type="hidden" value="izihun.com"/>
1095,http://www.jianke.com,<input class="icp--domain" type="hidden" value="jianke.com"/>
1096,http://www.9ht.com,<input class="icp--domain" type="hidden" value="9ht.com"/>
1097,http://www.tuliu.com,<input class="icp--domain" type="hidden" value="tuliu.com"/>
1098,http://www.txw.com,<input class="icp--domain" type="hidden" value="txw.com"/>
1099,http://www.hypergryph.com,<input class="icp--domain" type="hidden" value="hypergryph.com"/>
1100,http://www.kaoyan.com,<input class="icp--domain" type="hidden" value="kaoyan.com"/>
1101,http://www.95095.com,<input class="icp--domain" type="hidden" value="95095.com"/>
1102,http://www.cndzys.com,<input class="icp--domain" type="hidden" value="cndzys.com"/>
1103,http://www.cpta.com.cn,<input class="icp--domain" type="hidden" value="cpta.com.cn"/>
1104,http://www.ghostxx.com,<input class="icp--domain" type="hidden" value="ghostxx.com"/>
1105,http://www.cuc.edu.cn,<input class="icp--domain" type="hidden" value="cuc.edu.cn"/>
1106,http://www.mioffice.cn,<input class="icp--domain" type="hidden" value="mioffice.cn"/>
1107,http://www.d1xz.net,<input class="icp--domain" type="hidden" value="d1xz.net"/>
1108,http://www.logitech.com.cn,<input class="icp--domain" type="hidden" value="logitech.com.cn"/>
1109,http://www.sumibuy.com,<input class="icp--domain" type="hidden" value="sumibuy.com"/>
1110,http://www.huitu.com,<input class="icp--domain" type="hidden" value="huitu.com"/>
1111,http://www.json.cn,<input class="icp--domain" type="hidden" value="json.cn"/>
1112,http://www.tripadvisor.cn,<input class="icp--domain" type="hidden" value="tripadvisor.cn"/>
1113,http://www.linux.cn,<input class="icp--domain" type="hidden" value="linux.cn"/>
1114,http://www.youboy.com,<input class="icp--domain" type="hidden" value="youboy.com"/>
1115,http://www.jdzj.com,<input class="icp--domain" type="hidden" value="jdzj.com"/>
1116,http://www.abchina.com,<input class="icp--domain" type="hidden" value="abchina.com"/>
1117,http://www.element3ds.com,<input class="icp--domain" type="hidden" value="element3ds.com"/>
1118,http://www.cnforex.com,<input class="icp--domain" type="hidden" value="cnforex.com"/>
1119,http://www.runningcheese.com,<input class="icp--domain" type="hidden" value="runningcheese.com"/>
1120,http://www.fmprc.gov.cn,<input class="icp--domain" type="hidden" value="fmprc.gov.cn"/>
1121,http://www.sslibrary.com,<input class="icp--domain" type="hidden" value="sslibrary.com"/>
1122,http://www.bubuko.com,<input class="icp--domain" type="hidden" value="bubuko.com"/>
1123,http://www.233.com,<input class="icp--domain" type="hidden" value="233.com"/>
1124,http://www.61ef.cn,<input class="icp--domain" type="hidden" value="61ef.cn"/>
1125,http://www.asklib.com,<input class="icp--domain" type="hidden" value="asklib.com"/>
1126,http://www.wandhi.com,<input class="icp--domain" type="hidden" value="wandhi.com"/>
1127,http://www.baofeng.com,<input class="icp--domain" type="hidden" value="baofeng.com"/>
1128,http://www.go108.com.cn,<input class="icp--domain" type="hidden" value="go108.com.cn"/>
1129,http://www.neets.cc,<input class="icp--domain" type="hidden" value="neets.cc"/>
1130,http://www.btschool.net,<input class="icp--domain" type="hidden" value="btschool.net"/>
1131,http://www.mapbar.com,<input class="icp--domain" type="hidden" value="mapbar.com"/>
1132,http://www.greenxf.com,<input class="icp--domain" type="hidden" value="greenxf.com"/>
1133,http://www.eefocus.com,<input class="icp--domain" type="hidden" value="eefocus.com"/>
1134,http://www.c4d.cn,<input class="icp--domain" type="hidden" value="c4d.cn"/>
1135,http://www.pan6.com,<input class="icp--domain" type="hidden" value="pan6.com"/>
1136,http://www.xmt.cn,<input class="icp--domain" type="hidden" value="xmt.cn"/>
1137,http://www.misumi.com.cn,<input class="icp--domain" type="hidden" value="misumi.com.cn"/>
1138,http://www.dygang.net,<input class="icp--domain" type="hidden" value="dygang.net"/>
1139,http://www.starbucks.com.cn,<input class="icp--domain" type="hidden" value="starbucks.com.cn"/>
1140,http://www.qiuziti.com,<input class="icp--domain" type="hidden" value="qiuziti.com"/>
1141,http://www.tansuo233.com,<input class="icp--domain" type="hidden" value="tansuo233.com"/>
1142,http://www.qu.la,<input class="icp--domain" type="hidden" value="qu.la"/>
1143,http://www.tuniu.com,<input class="icp--domain" type="hidden" value="tuniu.com"/>
1144,http://www.gter.net,<input class="icp--domain" type="hidden" value="gter.net"/>
1145,http://www.yue365.com,<input class="icp--domain" type="hidden" value="yue365.com"/>
1146,http://www.guoxuedashi.com,<input class="icp--domain" type="hidden" value="guoxuedashi.com"/>
1147,http://www.zoosnet.net,<input class="icp--domain" type="hidden" value="zoosnet.net"/>
1148,http://www.cn2che.com,<input class="icp--domain" type="hidden" value="cn2che.com"/>
1149,http://www.cninfo.com.cn,<input class="icp--domain" type="hidden" value="cninfo.com.cn"/>
1150,http://www.d1com.com,<input class="icp--domain" type="hidden" value="d1com.com"/>
1151,http://www.china-10.com,<input class="icp--domain" type="hidden" value="china-10.com"/>
1152,http://www.globrand.com,<input class="icp--domain" type="hidden" value="globrand.com"/>
1153,http://www.gdbs.gov.cn,<input class="icp--domain" type="hidden" value="gdbs.gov.cn"/>
1154,http://www.360buyimg.com,<input class="icp--domain" type="hidden" value="360buyimg.com"/>
1155,http://www.mmbang.com,<input class="icp--domain" type="hidden" value="mmbang.com"/>
1156,http://www.bitauto.com,<input class="icp--domain" type="hidden" value="bitauto.com"/>
1157,http://www.cuhk.edu.cn,<input class="icp--domain" type="hidden" value="cuhk.edu.cn"/>
1158,http://www.online.sh.cn,<input class="icp--domain" type="hidden" value="online.sh.cn"/>
1159,http://www.istv.com.cn,<input class="icp--domain" type="hidden" value="istv.com.cn"/>
1160,http://www.windows7en.com,<input class="icp--domain" type="hidden" value="windows7en.com"/>
1161,http://www.tecenet.com,<input class="icp--domain" type="hidden" value="tecenet.com"/>
1162,http://www.topfo.com,<input class="icp--domain" type="hidden" value="topfo.com"/>
1163,http://www.chyxx.com,<input class="icp--domain" type="hidden" value="chyxx.com"/>
1164,http://www.zhicheng.com,<input class="icp--domain" type="hidden" value="zhicheng.com"/>
1165,http://www.tepintehui.com,<input class="icp--domain" type="hidden" value="tepintehui.com"/>
1166,http://www.sccnn.com,<input class="icp--domain" type="hidden" value="sccnn.com"/>
1167,http://www.56.com,<input class="icp--domain" type="hidden" value="56.com"/>
1168,http://www.flyme.cn,<input class="icp--domain" type="hidden" value="flyme.cn"/>
1169,http://www.k73.com,<input class="icp--domain" type="hidden" value="k73.com"/>
1170,http://www.hichina.com,<input class="icp--domain" type="hidden" value="hichina.com"/>
1171,http://www.cdgdc.edu.cn,<input class="icp--domain" type="hidden" value="cdgdc.edu.cn"/>
1172,http://www.cckke.com,<input class="icp--domain" type="hidden" value="cckke.com"/>
1173,http://www.jijidown.com,<input class="icp--domain" type="hidden" value="jijidown.com"/>
1174,http://www.zhujiceping.com,<input class="icp--domain" type="hidden" value="zhujiceping.com"/>
1175,http://www.wjx.top,<input class="icp--domain" type="hidden" value="wjx.top"/>
1176,http://www.cgjoy.com,<input class="icp--domain" type="hidden" value="cgjoy.com"/>
1177,http://www.nowscore.com,<input class="icp--domain" type="hidden" value="nowscore.com"/>
1178,http://www.doutula.com,<input class="icp--domain" type="hidden" value="doutula.com"/>
1179,http://www.tiancity.com,<input class="icp--domain" type="hidden" value="tiancity.com"/>
1180,http://www.bjnews.com.cn,<input class="icp--domain" type="hidden" value="bjnews.com.cn"/>
1181,http://www.van-u.com,<input class="icp--domain" type="hidden" value="van-u.com"/>
1182,http://www.gxsky.com,<input class="icp--domain" type="hidden" value="gxsky.com"/>
1183,http://www.52fuqing.com,<input class="icp--domain" type="hidden" value="52fuqing.com"/>
1184,http://www.0716edu.net,<input class="icp--domain" type="hidden" value="0716edu.net"/>
1185,http://www.mjzj.com,<input class="icp--domain" type="hidden" value="mjzj.com"/>
1186,http://www.38zhubao.net,<input class="icp--domain" type="hidden" value="38zhubao.net"/>
1187,http://www.pcpop.com,<input class="icp--domain" type="hidden" value="pcpop.com"/>
1188,http://www.foodjx.com,<input class="icp--domain" type="hidden" value="foodjx.com"/>
1189,http://www.bankofchina.com,<input class="icp--domain" type="hidden" value="bankofchina.com"/>
1190,http://www.rencaijob.com,<input class="icp--domain" type="hidden" value="rencaijob.com"/>
1191,http://www.erji.net,<input class="icp--domain" type="hidden" value="erji.net"/>
1192,http://www.8684.cn,<input class="icp--domain" type="hidden" value="8684.cn"/>
1193,http://www.baidupcs.com,<input class="icp--domain" type="hidden" value="baidupcs.com"/>
1194,http://www.asmag.com.cn,<input class="icp--domain" type="hidden" value="asmag.com.cn"/>
1195,http://www.gebi1.com,<input class="icp--domain" type="hidden" value="gebi1.com"/>
1196,http://www.artspy.cn,<input class="icp--domain" type="hidden" value="artspy.cn"/>
1197,http://www.kingdee.com,<input class="icp--domain" type="hidden" value="kingdee.com"/>
1198,http://www.pbccrc.org.cn,<input class="icp--domain" type="hidden" value="pbccrc.org.cn"/>
1199,http://www.btshoufa.com,<input class="icp--domain" type="hidden" value="btshoufa.com"/>
1200,http://www.993dy.com,<input class="icp--domain" type="hidden" value="993dy.com"/>
1201,http://www.cio360.net,<input class="icp--domain" type="hidden" value="cio360.net"/>
1202,http://www.decathlon.com.cn,<input class="icp--domain" type="hidden" value="decathlon.com.cn"/>
1203,http://www.eastgame.org,<input class="icp--domain" type="hidden" value="eastgame.org"/>
1204,http://www.ouyaoxiazai.com,<input class="icp--domain" type="hidden" value="ouyaoxiazai.com"/>
1205,http://www.hrtsea.com,<input class="icp--domain" type="hidden" value="hrtsea.com"/>
1206,http://www.maigoo.com,<input class="icp--domain" type="hidden" value="maigoo.com"/>
1207,http://www.icourses.cn,<input class="icp--domain" type="hidden" value="icourses.cn"/>
1208,http://www.uszcn.com,<input class="icp--domain" type="hidden" value="uszcn.com"/>
1209,http://www.gd.gov.cn,<input class="icp--domain" type="hidden" value="gd.gov.cn"/>
1210,http://www.mangoerp.com,<input class="icp--domain" type="hidden" value="mangoerp.com"/>
1211,http://www.huatu.com,<input class="icp--domain" type="hidden" value="huatu.com"/>
1212,http://www.friok.com,<input class="icp--domain" type="hidden" value="friok.com"/>
1213,http://www.imiker.com,<input class="icp--domain" type="hidden" value="imiker.com"/>
1214,http://www.guangdiu.com,<input class="icp--domain" type="hidden" value="guangdiu.com"/>
1215,http://www.btime.com,<input class="icp--domain" type="hidden" value="btime.com"/>
1216,http://www.laawoo.com,<input class="icp--domain" type="hidden" value="laawoo.com"/>
1217,http://www.ishare5.com,<input class="icp--domain" type="hidden" value="ishare5.com"/>
1218,http://www.zsxq.com,<input class="icp--domain" type="hidden" value="zsxq.com"/>
1219,http://www.orsoon.com,<input class="icp--domain" type="hidden" value="orsoon.com"/>
1220,http://www.cidianwang.com,<input class="icp--domain" type="hidden" value="cidianwang.com"/>
1221,http://www.hyds360.com,<input class="icp--domain" type="hidden" value="hyds360.com"/>
1222,http://www.intel.cn,<input class="icp--domain" type="hidden" value="intel.cn"/>
1223,http://www.snssdk.com,<input class="icp--domain" type="hidden" value="snssdk.com"/>
1224,http://www.gooood.cn,<input class="icp--domain" type="hidden" value="gooood.cn"/>
1225,http://www.7y7.com,<input class="icp--domain" type="hidden" value="7y7.com"/>
1226,http://www.ziroom.com,<input class="icp--domain" type="hidden" value="ziroom.com"/>
1227,http://www.lusongsong.com,<input class="icp--domain" type="hidden" value="lusongsong.com"/>
1228,http://www.bmlink.com,<input class="icp--domain" type="hidden" value="bmlink.com"/>
1229,http://www.itheima.com,<input class="icp--domain" type="hidden" value="itheima.com"/>
1230,http://www.52z.com,<input class="icp--domain" type="hidden" value="52z.com"/>
1231,http://www.aliway.com,<input class="icp--domain" type="hidden" value="aliway.com"/>
1232,http://www.ule.com,<input class="icp--domain" type="hidden" value="ule.com"/>
1233,http://www.apowersoft.cn,<input class="icp--domain" type="hidden" value="apowersoft.cn"/>
1234,http://www.tplogin.cn,<input class="icp--domain" type="hidden" value="tplogin.cn"/>
1235,http://www.ipo.hk,<input class="icp--domain" type="hidden" value="ipo.hk"/>
1236,http://www.sosobta.net,<input class="icp--domain" type="hidden" value="sosobta.net"/>
1237,http://www.dnspod.cn,<input class="icp--domain" type="hidden" value="dnspod.cn"/>
1238,http://www.lingfengyun.com,<input class="icp--domain" type="hidden" value="lingfengyun.com"/>
1239,http://www.ibabyzone.cn,<input class="icp--domain" type="hidden" value="ibabyzone.cn"/>
1240,http://www.moretickets.com,<input class="icp--domain" type="hidden" value="moretickets.com"/>
1241,http://www.shafa.com,<input class="icp--domain" type="hidden" value="shafa.com"/>
1242,http://www.xjishu.com,<input class="icp--domain" type="hidden" value="xjishu.com"/>
1243,http://www.xbiao.com,<input class="icp--domain" type="hidden" value="xbiao.com"/>
1244,http://www.shisu.edu.cn,<input class="icp--domain" type="hidden" value="shisu.edu.cn"/>
1245,http://www.fir.im,<input class="icp--domain" type="hidden" value="fir.im"/>
1246,http://www.3618med.com,<input class="icp--domain" type="hidden" value="3618med.com"/>
1247,http://www.5iyingxiao.com,<input class="icp--domain" type="hidden" value="5iyingxiao.com"/>
1248,http://www.mxroom.com,<input class="icp--domain" type="hidden" value="mxroom.com"/>
1249,http://www.paperfree.cn,<input class="icp--domain" type="hidden" value="paperfree.cn"/>
1250,http://www.meipai.com,<input class="icp--domain" type="hidden" value="meipai.com"/>
1251,http://www.ichuanglan.com,<input class="icp--domain" type="hidden" value="ichuanglan.com"/>
1252,http://www.mnw.cn,<input class="icp--domain" type="hidden" value="mnw.cn"/>
1253,http://www.nvsay.com,<input class="icp--domain" type="hidden" value="nvsay.com"/>
1254,http://www.jdbbs.com,<input class="icp--domain" type="hidden" value="jdbbs.com"/>
1255,http://www.solidot.org,<input class="icp--domain" type="hidden" value="solidot.org"/>
1256,http://www.fanfou.com,<input class="icp--domain" type="hidden" value="fanfou.com"/>
1257,http://www.jx09.com,<input class="icp--domain" type="hidden" value="jx09.com"/>
1258,http://www.eepw.com.cn,<input class="icp--domain" type="hidden" value="eepw.com.cn"/>
1259,http://www.etest.edu.cn,<input class="icp--domain" type="hidden" value="etest.edu.cn"/>
1260,http://www.kankanews.com,<input class="icp--domain" type="hidden" value="kankanews.com"/>
1261,http://www.mof.gov.cn,<input class="icp--domain" type="hidden" value="mof.gov.cn"/>
1262,http://www.pedaily.cn,<input class="icp--domain" type="hidden" value="pedaily.cn"/>
1263,http://www.pdfdo.com,<input class="icp--domain" type="hidden" value="pdfdo.com"/>
1264,http://www.manhuatai.com,<input class="icp--domain" type="hidden" value="manhuatai.com"/>
1265,http://www.guitarchina.com,<input class="icp--domain" type="hidden" value="guitarchina.com"/>
1266,http://www.smzy.com,<input class="icp--domain" type="hidden" value="smzy.com"/>
1267,http://www.yupoo.com,<input class="icp--domain" type="hidden" value="yupoo.com"/>
1268,http://www.sse.com.cn,<input class="icp--domain" type="hidden" value="sse.com.cn"/>
1269,http://www.huorong.cn,<input class="icp--domain" type="hidden" value="huorong.cn"/>
1270,http://www.taodocs.com,<input class="icp--domain" type="hidden" value="taodocs.com"/>
1271,http://www.hackhome.com,<input class="icp--domain" type="hidden" value="hackhome.com"/>
1272,http://www.ccgp.gov.cn,<input class="icp--domain" type="hidden" value="ccgp.gov.cn"/>
1273,http://www.rabbitpre.com,<input class="icp--domain" type="hidden" value="rabbitpre.com"/>
1274,http://www.game234.com,<input class="icp--domain" type="hidden" value="game234.com"/>
1275,http://www.analog.com,<input class="icp--domain" type="hidden" value="analog.com"/>
1276,http://www.tan8.com,<input class="icp--domain" type="hidden" value="tan8.com"/>
1277,http://www.yousuu.com,<input class="icp--domain" type="hidden" value="yousuu.com"/>
1278,http://www.candou.com,<input class="icp--domain" type="hidden" value="candou.com"/>
1279,http://www.121down.com,<input class="icp--domain" type="hidden" value="121down.com"/>
1280,http://www.metrofans.cn,<input class="icp--domain" type="hidden" value="metrofans.cn"/>
1281,http://www.soft128.com,<input class="icp--domain" type="hidden" value="soft128.com"/>
1282,http://www.xywy.com,<input class="icp--domain" type="hidden" value="xywy.com"/>
1283,http://www.poppur.com,<input class="icp--domain" type="hidden" value="poppur.com"/>
1284,http://www.mseav.com,<input class="icp--domain" type="hidden" value="mseav.com"/>
1285,http://www.bjx.com.cn,<input class="icp--domain" type="hidden" value="bjx.com.cn"/>
1286,http://www.nmc.cn,<input class="icp--domain" type="hidden" value="nmc.cn"/>
1287,http://www.jiangshi.org,<input class="icp--domain" type="hidden" value="jiangshi.org"/>
1288,http://www.managebac.cn,<input class="icp--domain" type="hidden" value="managebac.cn"/>
1289,http://www.topys.cn,<input class="icp--domain" type="hidden" value="topys.cn"/>
1290,http://www.ilovematlab.cn,<input class="icp--domain" type="hidden" value="ilovematlab.cn"/>
1291,http://www.cndhl.com,<input class="icp--domain" type="hidden" value="cndhl.com"/>
1292,http://www.fkw.com,<input class="icp--domain" type="hidden" value="fkw.com"/>
1293,http://www.5h.com,<input class="icp--domain" type="hidden" value="5h.com"/>
1294,http://www.soku.com,<input class="icp--domain" type="hidden" value="soku.com"/>
1295,http://www.11k.cc,<input class="icp--domain" type="hidden" value="11k.cc"/>
1296,http://www.alipay.net,<input class="icp--domain" type="hidden" value="alipay.net"/>
1297,http://www.chasedream.com,<input class="icp--domain" type="hidden" value="chasedream.com"/>
1298,http://www.isd.com,<input class="icp--domain" type="hidden" value="isd.com"/>
1299,http://www.zzu.edu.cn,<input class="icp--domain" type="hidden" value="zzu.edu.cn"/>
1300,http://www.kankan.com,<input class="icp--domain" type="hidden" value="kankan.com"/>
1301,http://www.hxnews.com,<input class="icp--domain" type="hidden" value="hxnews.com"/>
1302,http://www.51miz.com,<input class="icp--domain" type="hidden" value="51miz.com"/>
1303,http://www.chinairn.com,<input class="icp--domain" type="hidden" value="chinairn.com"/>
1304,http://www.netbian.com,<input class="icp--domain" type="hidden" value="netbian.com"/>
1305,http://www.gxzpw.org,<input class="icp--domain" type="hidden" value="gxzpw.org"/>
1306,http://www.qktoutiao.com,<input class="icp--domain" type="hidden" value="qktoutiao.com"/>
1307,http://www.ubisoft.com.cn,<input class="icp--domain" type="hidden" value="ubisoft.com.cn"/>
1308,http://www.125.la,<input class="icp--domain" type="hidden" value="125.la"/>
1309,http://www.weimeicun.com,<input class="icp--domain" type="hidden" value="weimeicun.com"/>
1310,http://www.hbzhan.com,<input class="icp--domain" type="hidden" value="hbzhan.com"/>
1311,http://www.cgtn.com,<input class="icp--domain" type="hidden" value="cgtn.com"/>
1312,http://www.pediy.com,<input class="icp--domain" type="hidden" value="pediy.com"/>
1313,http://www.gensee.com,<input class="icp--domain" type="hidden" value="gensee.com"/>
1314,http://www.zhuye.kim,<input class="icp--domain" type="hidden" value="zhuye.kim"/>
1315,http://www.zaixian-fanyi.com,<input class="icp--domain" type="hidden" value="zaixian-fanyi.com"/>
1316,http://www.5ewin.com,<input class="icp--domain" type="hidden" value="5ewin.com"/>
1317,http://www.doyoudo.com,<input class="icp--domain" type="hidden" value="doyoudo.com"/>
1318,http://www.bjmu.edu.cn,<input class="icp--domain" type="hidden" value="bjmu.edu.cn"/>
1319,http://www.sonkwo.com,<input class="icp--domain" type="hidden" value="sonkwo.com"/>
1320,http://www.jia.com,<input class="icp--domain" type="hidden" value="jia.com"/>
1321,http://www.jdwx.info,<input class="icp--domain" type="hidden" value="jdwx.info"/>
1322,http://www.360-bo.com,<input class="icp--domain" type="hidden" value="360-bo.com"/>
1323,http://www.spzs.com,<input class="icp--domain" type="hidden" value="spzs.com"/>
1324,http://www.cskaoyan.com,<input class="icp--domain" type="hidden" value="cskaoyan.com"/>
1325,http://www.rong360.com,<input class="icp--domain" type="hidden" value="rong360.com"/>
1326,http://www.jinciwei.cn,<input class="icp--domain" type="hidden" value="jinciwei.cn"/>
1327,http://www.huazhu.com,<input class="icp--domain" type="hidden" value="huazhu.com"/>
1328,http://www.cas.org,<input class="icp--domain" type="hidden" value="cas.org"/>
1329,http://www.wandoujia.com,<input class="icp--domain" type="hidden" value="wandoujia.com"/>
1330,http://www.sac.net.cn,<input class="icp--domain" type="hidden" value="sac.net.cn"/>
1331,http://www.chewen.com,<input class="icp--domain" type="hidden" value="chewen.com"/>
1332,http://www.ctolib.com,<input class="icp--domain" type="hidden" value="ctolib.com"/>
1333,http://www.yw11.com,<input class="icp--domain" type="hidden" value="yw11.com"/>
1334,http://www.ruyo.net,<input class="icp--domain" type="hidden" value="ruyo.net"/>
1335,http://www.manew.com,<input class="icp--domain" type="hidden" value="manew.com"/>
1336,http://www.iflytek.com,<input class="icp--domain" type="hidden" value="iflytek.com"/>
1337,http://www.miguvideo.com,<input class="icp--domain" type="hidden" value="miguvideo.com"/>
1338,http://www.iwencai.com,<input class="icp--domain" type="hidden" value="iwencai.com"/>
1339,http://www.laosiji.com,<input class="icp--domain" type="hidden" value="laosiji.com"/>
1340,http://www.ncss.cn,<input class="icp--domain" type="hidden" value="ncss.cn"/>
1341,http://www.bkill.com,<input class="icp--domain" type="hidden" value="bkill.com"/>
1342,http://www.sonystyle.com.cn,<input class="icp--domain" type="hidden" value="sonystyle.com.cn"/>
1343,http://www.cnmo.com,<input class="icp--domain" type="hidden" value="cnmo.com"/>
1344,http://www.eetop.cn,<input class="icp--domain" type="hidden" value="eetop.cn"/>
1345,http://www.hanjutv.com,<input class="icp--domain" type="hidden" value="hanjutv.com"/>
1346,http://www.maxthon.cn,<input class="icp--domain" type="hidden" value="maxthon.cn"/>
1347,http://www.romzhijia.net,<input class="icp--domain" type="hidden" value="romzhijia.net"/>
1348,http://www.87g.com,<input class="icp--domain" type="hidden" value="87g.com"/>
1349,http://www.jin10.com,<input class="icp--domain" type="hidden" value="jin10.com"/>
1350,http://www.h3c.com,<input class="icp--domain" type="hidden" value="h3c.com"/>
1351,http://www.dataguru.cn,<input class="icp--domain" type="hidden" value="dataguru.cn"/>
1352,http://www.halihali.tv,<input class="icp--domain" type="hidden" value="halihali.tv"/>
1353,http://www.biomedcentral.com,<input class="icp--domain" type="hidden" value="biomedcentral.com"/>
1354,http://www.zybuluo.com,<input class="icp--domain" type="hidden" value="zybuluo.com"/>
1355,http://www.xinpianchang.com,<input class="icp--domain" type="hidden" value="xinpianchang.com"/>
1356,http://www.paidai.com,<input class="icp--domain" type="hidden" value="paidai.com"/>
1357,http://www.ename.net,<input class="icp--domain" type="hidden" value="ename.net"/>
1358,http://www.yuweining.cn,<input class="icp--domain" type="hidden" value="yuweining.cn"/>
1359,http://www.officezhushou.com,<input class="icp--domain" type="hidden" value="officezhushou.com"/>
1360,http://www.tceic.com,<input class="icp--domain" type="hidden" value="tceic.com"/>
1361,http://www.96weixin.com,<input class="icp--domain" type="hidden" value="96weixin.com"/>
1362,http://www.6789.com,<input class="icp--domain" type="hidden" value="6789.com"/>
1363,http://www.puercn.com,<input class="icp--domain" type="hidden" value="puercn.com"/>
1364,http://www.arduino.cn,<input class="icp--domain" type="hidden" value="arduino.cn"/>
1365,http://www.dvedit.cn,<input class="icp--domain" type="hidden" value="dvedit.cn"/>
1366,http://www.how2j.cn,<input class="icp--domain" type="hidden" value="how2j.cn"/>
1367,http://www.ddvip.com,<input class="icp--domain" type="hidden" value="ddvip.com"/>
1368,http://www.udesk.cn,<input class="icp--domain" type="hidden" value="udesk.cn"/>
1369,http://www.360zhibo.com,<input class="icp--domain" type="hidden" value="360zhibo.com"/>
1370,http://www.wenkuxiazai.com,<input class="icp--domain" type="hidden" value="wenkuxiazai.com"/>
1371,http://www.apprcn.com,<input class="icp--domain" type="hidden" value="apprcn.com"/>
1372,http://www.guazi.com,<input class="icp--domain" type="hidden" value="guazi.com"/>
1373,http://www.zhonghongwang.com,<input class="icp--domain" type="hidden" value="zhonghongwang.com"/>
1374,http://www.blyun.com,<input class="icp--domain" type="hidden" value="blyun.com"/>
1375,http://www.med66.com,<input class="icp--domain" type="hidden" value="med66.com"/>
1376,http://www.chinapyg.com,<input class="icp--domain" type="hidden" value="chinapyg.com"/>
1377,http://www.c5game.com,<input class="icp--domain" type="hidden" value="c5game.com"/>
1378,http://www.3gmfw.cn,<input class="icp--domain" type="hidden" value="3gmfw.cn"/>
1379,http://www.huajiao.com,<input class="icp--domain" type="hidden" value="huajiao.com"/>
1380,http://www.mohurd.gov.cn,<input class="icp--domain" type="hidden" value="mohurd.gov.cn"/>
1381,http://www.ichunt.com,<input class="icp--domain" type="hidden" value="ichunt.com"/>
1382,http://www.idyjy.com,<input class="icp--domain" type="hidden" value="idyjy.com"/>
1383,http://www.8264.com,<input class="icp--domain" type="hidden" value="8264.com"/>
1384,http://www.ujs.edu.cn,<input class="icp--domain" type="hidden" value="ujs.edu.cn"/>
1385,http://www.linkhaitao.com,<input class="icp--domain" type="hidden" value="linkhaitao.com"/>
1386,http://www.86kx.com,<input class="icp--domain" type="hidden" value="86kx.com"/>
1387,http://www.fengchedm.com,<input class="icp--domain" type="hidden" value="fengchedm.com"/>
1388,http://www.yiyaojd.com,<input class="icp--domain" type="hidden" value="yiyaojd.com"/>
1389,http://www.wdzj.com,<input class="icp--domain" type="hidden" value="wdzj.com"/>
1390,http://www.tianxun.com,<input class="icp--domain" type="hidden" value="tianxun.com"/>
1391,http://www.cgdc.com.cn,<input class="icp--domain" type="hidden" value="cgdc.com.cn"/>
1392,http://www.jiqizhixin.com,<input class="icp--domain" type="hidden" value="jiqizhixin.com"/>
1393,http://www.canon.com.cn,<input class="icp--domain" type="hidden" value="canon.com.cn"/>
1394,http://www.nlc.cn,<input class="icp--domain" type="hidden" value="nlc.cn"/>
1395,http://www.bjhjyd.gov.cn,<input class="icp--domain" type="hidden" value="bjhjyd.gov.cn"/>
1396,http://www.cnr.cn,<input class="icp--domain" type="hidden" value="cnr.cn"/>
1397,http://www.vjshi.com,<input class="icp--domain" type="hidden" value="vjshi.com"/>
1398,http://www.xiaopi.com,<input class="icp--domain" type="hidden" value="xiaopi.com"/>
1399,http://www.xiazaizhijia.com,<input class="icp--domain" type="hidden" value="xiazaizhijia.com"/>
1400,http://www.oppo.com,<input class="icp--domain" type="hidden" value="oppo.com"/>
1401,http://www.tyouai.com,<input class="icp--domain" type="hidden" value="tyouai.com"/>
1402,http://www.ccava.net,<input class="icp--domain" type="hidden" value="ccava.net"/>
1403,http://www.51fapiao.cn,<input class="icp--domain" type="hidden" value="51fapiao.cn"/>
1404,http://www.txtnovel.net,<input class="icp--domain" type="hidden" value="txtnovel.net"/>
1405,http://www.jitashe.org,<input class="icp--domain" type="hidden" value="jitashe.org"/>
1406,http://www.moe.gov.cn,<input class="icp--domain" type="hidden" value="moe.gov.cn"/>
1407,http://www.redhat.com,<input class="icp--domain" type="hidden" value="redhat.com"/>
1408,http://www.nphoto.net,<input class="icp--domain" type="hidden" value="nphoto.net"/>
1409,http://www.021wudi.com,<input class="icp--domain" type="hidden" value="021wudi.com"/>
1410,http://www.abiechina.com,<input class="icp--domain" type="hidden" value="abiechina.com"/>
1411,http://www.leawo.cn,<input class="icp--domain" type="hidden" value="leawo.cn"/>
1412,http://www.qlchat.com,<input class="icp--domain" type="hidden" value="qlchat.com"/>
1413,http://www.galaxyclub.cn,<input class="icp--domain" type="hidden" value="galaxyclub.cn"/>
1414,http://www.shaoit.com,<input class="icp--domain" type="hidden" value="shaoit.com"/>
1415,http://www.edrawsoft.cn,<input class="icp--domain" type="hidden" value="edrawsoft.cn"/>
1416,http://www.dhu.edu.cn,<input class="icp--domain" type="hidden" value="dhu.edu.cn"/>
1417,http://www.zhaiiker.com,<input class="icp--domain" type="hidden" value="zhaiiker.com"/>
1418,http://www.mouser.cn,<input class="icp--domain" type="hidden" value="mouser.cn"/>
1419,http://www.txrjy.com,<input class="icp--domain" type="hidden" value="txrjy.com"/>
1420,http://www.fanjian.net,<input class="icp--domain" type="hidden" value="fanjian.net"/>
1421,http://www.dayu.com,<input class="icp--domain" type="hidden" value="dayu.com"/>
1422,http://www.wondercv.com,<input class="icp--domain" type="hidden" value="wondercv.com"/>
1423,http://www.kf5.com,<input class="icp--domain" type="hidden" value="kf5.com"/>
1424,http://www.hdb.com,<input class="icp--domain" type="hidden" value="hdb.com"/>
1425,http://www.biketo.com,<input class="icp--domain" type="hidden" value="biketo.com"/>
1426,http://www.paperyy.com,<input class="icp--domain" type="hidden" value="paperyy.com"/>
1427,http://www.fanli.com,<input class="icp--domain" type="hidden" value="fanli.com"/>
1428,http://www.lanzou.com,<input class="icp--domain" type="hidden" value="lanzou.com"/>
1429,http://www.fwol.cn,<input class="icp--domain" type="hidden" value="fwol.cn"/>
1430,http://www.kuke.com,<input class="icp--domain" type="hidden" value="kuke.com"/>
1431,http://www.cnu.edu.cn,<input class="icp--domain" type="hidden" value="cnu.edu.cn"/>
1432,http://www.growingio.com,<input class="icp--domain" type="hidden" value="growingio.com"/>
1433,http://www.coozhi.com,<input class="icp--domain" type="hidden" value="coozhi.com"/>
1434,http://www.godic.net,<input class="icp--domain" type="hidden" value="godic.net"/>
1435,http://www.yeah.net,<input class="icp--domain" type="hidden" value="yeah.net"/>
1436,http://www.doczj.com,<input class="icp--domain" type="hidden" value="doczj.com"/>
1437,http://www.java1234.com,<input class="icp--domain" type="hidden" value="java1234.com"/>
1438,http://www.oiegg.com,<input class="icp--domain" type="hidden" value="oiegg.com"/>
1439,http://www.cnprint.org,<input class="icp--domain" type="hidden" value="cnprint.org"/>
1440,http://www.hunt007.com,<input class="icp--domain" type="hidden" value="hunt007.com"/>
1441,http://www.33lc.com,<input class="icp--domain" type="hidden" value="33lc.com"/>
1442,http://www.qimai.cn,<input class="icp--domain" type="hidden" value="qimai.cn"/>
1443,http://www.cscse.edu.cn,<input class="icp--domain" type="hidden" value="cscse.edu.cn"/>
1444,http://www.5173.com,<input class="icp--domain" type="hidden" value="5173.com"/>
1445,http://www.cssmoban.com,<input class="icp--domain" type="hidden" value="cssmoban.com"/>
1446,http://www.jszg.edu.cn,<input class="icp--domain" type="hidden" value="jszg.edu.cn"/>
1447,http://www.gyhj.org,<input class="icp--domain" type="hidden" value="gyhj.org"/>
1448,http://www.ikuai8.com,<input class="icp--domain" type="hidden" value="ikuai8.com"/>
1449,http://www.sony.com.cn,<input class="icp--domain" type="hidden" value="sony.com.cn"/>
1450,http://www.xjtlu.edu.cn,<input class="icp--domain" type="hidden" value="xjtlu.edu.cn"/>
1451,http://www.9k9k.com,<input class="icp--domain" type="hidden" value="9k9k.com"/>
1452,http://www.tingroom.com,<input class="icp--domain" type="hidden" value="tingroom.com"/>
1453,http://www.500d.me,<input class="icp--domain" type="hidden" value="500d.me"/>
1454,http://www.whb.cn,<input class="icp--domain" type="hidden" value="whb.cn"/>
1455,http://www.yzz.cn,<input class="icp--domain" type="hidden" value="yzz.cn"/>
1456,http://www.cashtoutiao.com,<input class="icp--domain" type="hidden" value="cashtoutiao.com"/>
1457,http://www.bt.cn,<input class="icp--domain" type="hidden" value="bt.cn"/>
1458,http://www.vipkid.com.cn,<input class="icp--domain" type="hidden" value="vipkid.com.cn"/>
1459,http://www.chinafix.com,<input class="icp--domain" type="hidden" value="chinafix.com"/>
1460,http://www.foodmate.net,<input class="icp--domain" type="hidden" value="foodmate.net"/>
1461,http://www.99danji.com,<input class="icp--domain" type="hidden" value="99danji.com"/>
1462,http://www.fzu.edu.cn,<input class="icp--domain" type="hidden" value="fzu.edu.cn"/>
1463,http://www.zongheng.com,<input class="icp--domain" type="hidden" value="zongheng.com"/>
1464,http://www.duote.com,<input class="icp--domain" type="hidden" value="duote.com"/>
1465,http://www.qutoutiao.net,<input class="icp--domain" type="hidden" value="qutoutiao.net"/>
1466,http://www.qlwb.com.cn,<input class="icp--domain" type="hidden" value="qlwb.com.cn"/>
1467,http://www.zhongkao.com,<input class="icp--domain" type="hidden" value="zhongkao.com"/>
1468,http://www.hangzhou.gov.cn,<input class="icp--domain" type="hidden" value="hangzhou.gov.cn"/>
1469,http://www.gzmama.com,<input class="icp--domain" type="hidden" value="gzmama.com"/>
1470,http://www.opdown.com,<input class="icp--domain" type="hidden" value="opdown.com"/>
1471,http://www.chazidian.com,<input class="icp--domain" type="hidden" value="chazidian.com"/>
1472,http://www.lanrentuku.com,<input class="icp--domain" type="hidden" value="lanrentuku.com"/>
1473,http://www.pcsoft.com.cn,<input class="icp--domain" type="hidden" value="pcsoft.com.cn"/>
1474,http://www.jiandaoyun.com,<input class="icp--domain" type="hidden" value="jiandaoyun.com"/>
1475,http://www.pipaw.com,<input class="icp--domain" type="hidden" value="pipaw.com"/>
1476,http://www.xmfish.com,<input class="icp--domain" type="hidden" value="xmfish.com"/>
1477,http://www.sanjieke.cn,<input class="icp--domain" type="hidden" value="sanjieke.cn"/>
1478,http://www.36mh.com,<input class="icp--domain" type="hidden" value="36mh.com"/>
1479,http://www.soyunpan.com,<input class="icp--domain" type="hidden" value="soyunpan.com"/>
1480,http://www.helplib.com,<input class="icp--domain" type="hidden" value="helplib.com"/>
1481,http://www.ckck.vip,<input class="icp--domain" type="hidden" value="ckck.vip"/>
1482,http://www.1688wan.com,<input class="icp--domain" type="hidden" value="1688wan.com"/>
1483,http://www.5eplay.com,<input class="icp--domain" type="hidden" value="5eplay.com"/>
1484,http://www.foxitsoftware.cn,<input class="icp--domain" type="hidden" value="foxitsoftware.cn"/>
1485,http://www.tp-link.com.cn,<input class="icp--domain" type="hidden" value="tp-link.com.cn"/>
1486,http://www.xilinjie.com,<input class="icp--domain" type="hidden" value="xilinjie.com"/>
1487,http://www.sendong.com,<input class="icp--domain" type="hidden" value="sendong.com"/>
1488,http://www.jaeapp.com,<input class="icp--domain" type="hidden" value="jaeapp.com"/>
1489,http://www.biomart.cn,<input class="icp--domain" type="hidden" value="biomart.cn"/>
1490,http://www.gaosan.com,<input class="icp--domain" type="hidden" value="gaosan.com"/>
1491,http://www.chuansong.me,<input class="icp--domain" type="hidden" value="chuansong.me"/>
1492,http://www.c-ctrip.com,<input class="icp--domain" type="hidden" value="c-ctrip.com"/>
1493,http://www.horsechinaone.com,<input class="icp--domain" type="hidden" value="horsechinaone.com"/>
1494,http://www.baoshu8.com,<input class="icp--domain" type="hidden" value="baoshu8.com"/>
1495,http://www.gmz88.com,<input class="icp--domain" type="hidden" value="gmz88.com"/>
1496,http://www.customs.gov.cn,<input class="icp--domain" type="hidden" value="customs.gov.cn"/>
1497,http://www.epinv.com,<input class="icp--domain" type="hidden" value="epinv.com"/>
1498,http://www.bbsmax.com,<input class="icp--domain" type="hidden" value="bbsmax.com"/>
1499,http://www.geforce.cn,<input class="icp--domain" type="hidden" value="geforce.cn"/>
1500,http://www.ef.com.cn,<input class="icp--domain" type="hidden" value="ef.com.cn"/>
1501,http://www.acc5.com,<input class="icp--domain" type="hidden" value="acc5.com"/>
1502,http://www.qiyukf.com,<input class="icp--domain" type="hidden" value="qiyukf.com"/>
1503,http://www.deppon.com,<input class="icp--domain" type="hidden" value="deppon.com"/>
1504,http://www.diyiyou.com,<input class="icp--domain" type="hidden" value="diyiyou.com"/>
1505,http://www.pianshen.com,<input class="icp--domain" type="hidden" value="pianshen.com"/>
1506,http://www.importnew.com,<input class="icp--domain" type="hidden" value="importnew.com"/>
1507,http://www.cztv.com,<input class="icp--domain" type="hidden" value="cztv.com"/>
1508,http://www.ludashi.com,<input class="icp--domain" type="hidden" value="ludashi.com"/>
1509,http://www.170mv.com,<input class="icp--domain" type="hidden" value="170mv.com"/>
1510,http://www.100sp.com,<input class="icp--domain" type="hidden" value="100sp.com"/>
1511,http://www.wxb.com,<input class="icp--domain" type="hidden" value="wxb.com"/>
1512,http://www.feiren.com,<input class="icp--domain" type="hidden" value="feiren.com"/>
1513,http://www.yuemei.com,<input class="icp--domain" type="hidden" value="yuemei.com"/>
1514,http://www.61learn.com,<input class="icp--domain" type="hidden" value="61learn.com"/>
1515,http://www.baidupan.com,<input class="icp--domain" type="hidden" value="baidupan.com"/>
1516,http://www.zzidc.com,<input class="icp--domain" type="hidden" value="zzidc.com"/>
1517,http://www.51pptmoban.com,<input class="icp--domain" type="hidden" value="51pptmoban.com"/>
1518,http://www.yeshen.com,<input class="icp--domain" type="hidden" value="yeshen.com"/>
1519,http://www.drivergenius.com,<input class="icp--domain" type="hidden" value="drivergenius.com"/>
1520,http://www.mathtype.cn,<input class="icp--domain" type="hidden" value="mathtype.cn"/>
1521,http://www.designboom.cn,<input class="icp--domain" type="hidden" value="designboom.cn"/>
1522,http://www.dangbei.com,<input class="icp--domain" type="hidden" value="dangbei.com"/>
1523,http://www.chashebao.com,<input class="icp--domain" type="hidden" value="chashebao.com"/>
1524,http://www.7junshi.com,<input class="icp--domain" type="hidden" value="7junshi.com"/>
1525,http://www.zcw.cn,<input class="icp--domain" type="hidden" value="zcw.cn"/>
1526,http://www.ecust.edu.cn,<input class="icp--domain" type="hidden" value="ecust.edu.cn"/>
1527,http://www.duanmeiwen.com,<input class="icp--domain" type="hidden" value="duanmeiwen.com"/>
1528,http://www.160.com,<input class="icp--domain" type="hidden" value="160.com"/>
1529,http://www.pbc.gov.cn,<input class="icp--domain" type="hidden" value="pbc.gov.cn"/>
1530,http://www.uoolu.com,<input class="icp--domain" type="hidden" value="uoolu.com"/>
1531,http://www.qzzn.com,<input class="icp--domain" type="hidden" value="qzzn.com"/>
1532,http://www.5pao.com,<input class="icp--domain" type="hidden" value="5pao.com"/>
1533,http://www.phb123.com,<input class="icp--domain" type="hidden" value="phb123.com"/>
1534,http://www.ckck.tv,<input class="icp--domain" type="hidden" value="ckck.tv"/>
1535,http://www.720yun.com,<input class="icp--domain" type="hidden" value="720yun.com"/>
1536,http://www.winit.com.cn,<input class="icp--domain" type="hidden" value="winit.com.cn"/>
1537,http://www.567pan.com,<input class="icp--domain" type="hidden" value="567pan.com"/>
1538,http://www.lieqiwang.com,<input class="icp--domain" type="hidden" value="lieqiwang.com"/>
1539,http://www.wmzhe.com,<input class="icp--domain" type="hidden" value="wmzhe.com"/>
1540,http://www.uiiiuiii.com,<input class="icp--domain" type="hidden" value="uiiiuiii.com"/>
1541,http://www.cufe.edu.cn,<input class="icp--domain" type="hidden" value="cufe.edu.cn"/>
1542,http://www.10000.gd.cn,<input class="icp--domain" type="hidden" value="10000.gd.cn"/>
1543,http://www.shicimingju.com,<input class="icp--domain" type="hidden" value="shicimingju.com"/>
1544,http://www.xilu.com,<input class="icp--domain" type="hidden" value="xilu.com"/>
1545,http://www.ruan8.com,<input class="icp--domain" type="hidden" value="ruan8.com"/>
1546,http://www.meizu.cn,<input class="icp--domain" type="hidden" value="meizu.cn"/>
1547,http://www.cena.com.cn,<input class="icp--domain" type="hidden" value="cena.com.cn"/>
1548,http://www.1024sj.com,<input class="icp--domain" type="hidden" value="1024sj.com"/>
1549,http://www.aso100.com,<input class="icp--domain" type="hidden" value="aso100.com"/>
1550,http://www.itsk.com,<input class="icp--domain" type="hidden" value="itsk.com"/>
1551,http://www.99bill.com,<input class="icp--domain" type="hidden" value="99bill.com"/>
1552,http://www.wsgjp.com.cn,<input class="icp--domain" type="hidden" value="wsgjp.com.cn"/>
1553,http://www.changyou.com,<input class="icp--domain" type="hidden" value="changyou.com"/>
1554,http://www.228.com.cn,<input class="icp--domain" type="hidden" value="228.com.cn"/>
1555,http://www.shihuo.cn,<input class="icp--domain" type="hidden" value="shihuo.cn"/>
1556,http://www.mobanwang.com,<input class="icp--domain" type="hidden" value="mobanwang.com"/>
1557,http://www.xoyo.com,<input class="icp--domain" type="hidden" value="xoyo.com"/>
1558,http://www.appchina.com,<input class="icp--domain" type="hidden" value="appchina.com"/>
1559,http://www.mayiwenku.com,<input class="icp--domain" type="hidden" value="mayiwenku.com"/>
1560,http://www.cib.com.cn,<input class="icp--domain" type="hidden" value="cib.com.cn"/>
1561,http://www.weimob.com,<input class="icp--domain" type="hidden" value="weimob.com"/>
1562,http://www.tj.gov.cn,<input class="icp--domain" type="hidden" value="tj.gov.cn"/>
1563,http://www.gdufs.edu.cn,<input class="icp--domain" type="hidden" value="gdufs.edu.cn"/>
1564,http://www.wordlm.com,<input class="icp--domain" type="hidden" value="wordlm.com"/>
1565,http://www.huamu.com,<input class="icp--domain" type="hidden" value="huamu.com"/>
1566,http://www.asiatvro.com,<input class="icp--domain" type="hidden" value="asiatvro.com"/>
1567,http://www.maka.im,<input class="icp--domain" type="hidden" value="maka.im"/>
1568,http://www.echartsjs.com,<input class="icp--domain" type="hidden" value="echartsjs.com"/>
1569,http://www.8kana.com,<input class="icp--domain" type="hidden" value="8kana.com"/>
1570,http://www.51bdy.com,<input class="icp--domain" type="hidden" value="51bdy.com"/>
1571,http://www.nanrenwo.net,<input class="icp--domain" type="hidden" value="nanrenwo.net"/>
1572,http://www.pclady.com.cn,<input class="icp--domain" type="hidden" value="pclady.com.cn"/>
1573,http://www.dataoke.com,<input class="icp--domain" type="hidden" value="dataoke.com"/>
1574,http://www.dygang.com,<input class="icp--domain" type="hidden" value="dygang.com"/>
1575,http://www.iflyrec.com,<input class="icp--domain" type="hidden" value="iflyrec.com"/>
1576,http://www.faloo.com,<input class="icp--domain" type="hidden" value="faloo.com"/>
1577,http://www.adidas.com.cn,<input class="icp--domain" type="hidden" value="adidas.com.cn"/>
1578,http://www.91job.gov.cn,<input class="icp--domain" type="hidden" value="91job.gov.cn"/>
1579,http://www.apicloud.com,<input class="icp--domain" type="hidden" value="apicloud.com"/>
1580,http://www.jiakaobaodian.com,<input class="icp--domain" type="hidden" value="jiakaobaodian.com"/>
1581,http://www.hifidiy.net,<input class="icp--domain" type="hidden" value="hifidiy.net"/>
1582,http://www.tom.com,<input class="icp--domain" type="hidden" value="tom.com"/>
1583,http://www.yto.net.cn,<input class="icp--domain" type="hidden" value="yto.net.cn"/>
1584,http://www.spdb.com.cn,<input class="icp--domain" type="hidden" value="spdb.com.cn"/>
1585,http://www.bookschina.com,<input class="icp--domain" type="hidden" value="bookschina.com"/>
1586,http://www.cnfol.com,<input class="icp--domain" type="hidden" value="cnfol.com"/>
1587,http://www.topsage.com,<input class="icp--domain" type="hidden" value="topsage.com"/>
1588,http://www.lianlianpay.com,<input class="icp--domain" type="hidden" value="lianlianpay.com"/>
1589,http://www.tvsou.com,<input class="icp--domain" type="hidden" value="tvsou.com"/>
1590,http://www.cocos.com,<input class="icp--domain" type="hidden" value="cocos.com"/>
1591,http://www.kaixin001.com,<input class="icp--domain" type="hidden" value="kaixin001.com"/>
1592,http://www.anywlan.com,<input class="icp--domain" type="hidden" value="anywlan.com"/>
1593,http://www.xueersi.com,<input class="icp--domain" type="hidden" value="xueersi.com"/>
1594,http://www.huihui.cn,<input class="icp--domain" type="hidden" value="huihui.cn"/>
1595,http://www.pearvideo.com,<input class="icp--domain" type="hidden" value="pearvideo.com"/>
1596,http://www.meishichina.com,<input class="icp--domain" type="hidden" value="meishichina.com"/>
1597,http://www.yunexpress.com,<input class="icp--domain" type="hidden" value="yunexpress.com"/>
1598,http://www.dfcfw.com,<input class="icp--domain" type="hidden" value="dfcfw.com"/>
1599,http://www.xfyun.cn,<input class="icp--domain" type="hidden" value="xfyun.cn"/>
1600,http://www.vzmz.com,<input class="icp--domain" type="hidden" value="vzmz.com"/>
1601,http://www.huodongjia.com,<input class="icp--domain" type="hidden" value="huodongjia.com"/>
1602,http://www.kuaizhan.com,<input class="icp--domain" type="hidden" value="kuaizhan.com"/>
1603,http://www.xkw.com,<input class="icp--domain" type="hidden" value="xkw.com"/>
1604,http://www.ynepb.gov.cn,<input class="icp--domain" type="hidden" value="ynepb.gov.cn"/>
1605,http://www.ncu.edu.cn,<input class="icp--domain" type="hidden" value="ncu.edu.cn"/>
1606,http://www.chinamedevice.cn,<input class="icp--domain" type="hidden" value="chinamedevice.cn"/>
1607,http://www.aiyuke.com,<input class="icp--domain" type="hidden" value="aiyuke.com"/>
1608,http://www.shiyebian.net,<input class="icp--domain" type="hidden" value="shiyebian.net"/>
1609,http://www.midifan.com,<input class="icp--domain" type="hidden" value="midifan.com"/>
1610,http://www.yunzhijia.com,<input class="icp--domain" type="hidden" value="yunzhijia.com"/>
1611,http://www.chunyuyisheng.com,<input class="icp--domain" type="hidden" value="chunyuyisheng.com"/>
1612,http://www.sina.com,<input class="icp--domain" type="hidden" value="sina.com"/>
1613,http://www.zjut.edu.cn,<input class="icp--domain" type="hidden" value="zjut.edu.cn"/>
1614,http://www.12371.cn,<input class="icp--domain" type="hidden" value="12371.cn"/>
1615,http://www.zhuangjiba.com,<input class="icp--domain" type="hidden" value="zhuangjiba.com"/>
1616,http://www.mydown.com,<input class="icp--domain" type="hidden" value="mydown.com"/>
1617,http://www.100tal.com,<input class="icp--domain" type="hidden" value="100tal.com"/>
1618,http://www.pingwest.com,<input class="icp--domain" type="hidden" value="pingwest.com"/>
1619,http://www.997788.com,<input class="icp--domain" type="hidden" value="997788.com"/>
1620,http://www.artron.net,<input class="icp--domain" type="hidden" value="artron.net"/>
1621,http://www.dxy.com,<input class="icp--domain" type="hidden" value="dxy.com"/>
1622,http://www.d7vg.com,<input class="icp--domain" type="hidden" value="d7vg.com"/>
1623,http://www.vc52.cn,<input class="icp--domain" type="hidden" value="vc52.cn"/>
1624,http://www.mockplus.cn,<input class="icp--domain" type="hidden" value="mockplus.cn"/>
1625,http://www.yizhibo.com,<input class="icp--domain" type="hidden" value="yizhibo.com"/>
1626,http://www.juqingba.cn,<input class="icp--domain" type="hidden" value="juqingba.cn"/>
1627,http://www.ck365.cn,<input class="icp--domain" type="hidden" value="ck365.cn"/>
1628,http://www.ituring.com.cn,<input class="icp--domain" type="hidden" value="ituring.com.cn"/>
1629,http://www.gaokao.com,<input class="icp--domain" type="hidden" value="gaokao.com"/>
1630,http://www.chengdun.com,<input class="icp--domain" type="hidden" value="chengdun.com"/>
1631,http://www.cmbc.com.cn,<input class="icp--domain" type="hidden" value="cmbc.com.cn"/>
1632,http://www.haidaibao.com,<input class="icp--domain" type="hidden" value="haidaibao.com"/>
1633,http://www.speiyou.com,<input class="icp--domain" type="hidden" value="speiyou.com"/>
1634,http://www.xiaojukeji.com,<input class="icp--domain" type="hidden" value="xiaojukeji.com"/>
1635,http://www.hxsd.com,<input class="icp--domain" type="hidden" value="hxsd.com"/>
1636,http://www.gezila.com,<input class="icp--domain" type="hidden" value="gezila.com"/>
1637,http://www.seowhy.com,<input class="icp--domain" type="hidden" value="seowhy.com"/>
1638,http://www.tibet.cn,<input class="icp--domain" type="hidden" value="tibet.cn"/>
1639,http://www.crntt.com,<input class="icp--domain" type="hidden" value="crntt.com"/>
1640,http://www.kengso.com,<input class="icp--domain" type="hidden" value="kengso.com"/>
1641,http://www.pingan.com.cn,<input class="icp--domain" type="hidden" value="pingan.com.cn"/>
1642,http://www.xueanquan.com,<input class="icp--domain" type="hidden" value="xueanquan.com"/>
1643,http://www.p2peye.com,<input class="icp--domain" type="hidden" value="p2peye.com"/>
1644,http://www.bcy.net,<input class="icp--domain" type="hidden" value="bcy.net"/>
1645,http://www.hdsky.net,<input class="icp--domain" type="hidden" value="hdsky.net"/>
1646,http://www.55haitao.com,<input class="icp--domain" type="hidden" value="55haitao.com"/>
1647,http://www.wenkubao.cc,<input class="icp--domain" type="hidden" value="wenkubao.cc"/>
1648,http://www.cnodejs.org,<input class="icp--domain" type="hidden" value="cnodejs.org"/>
1649,http://www.bankcomm.com,<input class="icp--domain" type="hidden" value="bankcomm.com"/>
1650,http://www.ybdu.com,<input class="icp--domain" type="hidden" value="ybdu.com"/>
1651,http://www.kaochong.com,<input class="icp--domain" type="hidden" value="kaochong.com"/>
1652,http://www.tesla.cn,<input class="icp--domain" type="hidden" value="tesla.cn"/>
1653,http://www.qfang.com,<input class="icp--domain" type="hidden" value="qfang.com"/>
1654,http://www.chongdiantou.com,<input class="icp--domain" type="hidden" value="chongdiantou.com"/>
1655,http://www.douxie.com,<input class="icp--domain" type="hidden" value="douxie.com"/>
1656,http://www.makepolo.com,<input class="icp--domain" type="hidden" value="makepolo.com"/>
1657,http://www.vbuluo.com,<input class="icp--domain" type="hidden" value="vbuluo.com"/>
1658,http://www.ccf.org.cn,<input class="icp--domain" type="hidden" value="ccf.org.cn"/>
1659,http://www.wtoutiao.com,<input class="icp--domain" type="hidden" value="wtoutiao.com"/>
1660,http://www.ceping.com,<input class="icp--domain" type="hidden" value="ceping.com"/>
1661,http://www.shejis.com,<input class="icp--domain" type="hidden" value="shejis.com"/>
1662,http://www.deepin.org,<input class="icp--domain" type="hidden" value="deepin.org"/>
1663,http://www.973.com,<input class="icp--domain" type="hidden" value="973.com"/>
1664,http://www.80018.cn,<input class="icp--domain" type="hidden" value="80018.cn"/>
1665,http://www.egouz.com,<input class="icp--domain" type="hidden" value="egouz.com"/>
1666,http://www.longzhu.com,<input class="icp--domain" type="hidden" value="longzhu.com"/>
1667,http://www.badmintoncn.com,<input class="icp--domain" type="hidden" value="badmintoncn.com"/>
1668,http://www.justeasy.cn,<input class="icp--domain" type="hidden" value="justeasy.cn"/>
1669,http://www.3xiazai.com,<input class="icp--domain" type="hidden" value="3xiazai.com"/>
1670,http://www.likeshuo.com,<input class="icp--domain" type="hidden" value="likeshuo.com"/>
1671,http://www.ddnsto.com,<input class="icp--domain" type="hidden" value="ddnsto.com"/>
1672,http://www.baidu-int.com,<input class="icp--domain" type="hidden" value="baidu-int.com"/>
1673,http://www.seo.com.cn,<input class="icp--domain" type="hidden" value="seo.com.cn"/>
1674,http://www.fageka.com,<input class="icp--domain" type="hidden" value="fageka.com"/>
1675,http://www.tianfateng.cn,<input class="icp--domain" type="hidden" value="tianfateng.cn"/>
1676,http://www.anruan.com,<input class="icp--domain" type="hidden" value="anruan.com"/>
1677,http://www.chacuo.net,<input class="icp--domain" type="hidden" value="chacuo.net"/>
1678,http://www.ybzhan.cn,<input class="icp--domain" type="hidden" value="ybzhan.cn"/>
1679,http://www.mgpyh.com,<input class="icp--domain" type="hidden" value="mgpyh.com"/>
1680,http://www.zbgb.org,<input class="icp--domain" type="hidden" value="zbgb.org"/>
1681,http://www.szhk.com,<input class="icp--domain" type="hidden" value="szhk.com"/>
1682,http://www.51voa.com,<input class="icp--domain" type="hidden" value="51voa.com"/>
1683,http://www.sojson.com,<input class="icp--domain" type="hidden" value="sojson.com"/>
1684,http://www.jz5u.com,<input class="icp--domain" type="hidden" value="jz5u.com"/>
1685,http://www.wasu.cn,<input class="icp--domain" type="hidden" value="wasu.cn"/>
1686,http://www.51ui.cn,<input class="icp--domain" type="hidden" value="51ui.cn"/>
1687,http://www.dingdang.ca,<input class="icp--domain" type="hidden" value="dingdang.ca"/>
1688,http://www.adquan.com,<input class="icp--domain" type="hidden" value="adquan.com"/>
1689,http://www.bilibili.co,<input class="icp--domain" type="hidden" value="bilibili.co"/>
1690,http://www.tupian114.com,<input class="icp--domain" type="hidden" value="tupian114.com"/>
1691,http://www.cfi.cn,<input class="icp--domain" type="hidden" value="cfi.cn"/>
1692,http://www.hikvision.com,<input class="icp--domain" type="hidden" value="hikvision.com"/>
1693,http://www.hualongxiang.com,<input class="icp--domain" type="hidden" value="hualongxiang.com"/>
1694,http://www.goepe.com,<input class="icp--domain" type="hidden" value="goepe.com"/>
1695,http://www.dopa.com,<input class="icp--domain" type="hidden" value="dopa.com"/>
1696,http://www.mumayi.com,<input class="icp--domain" type="hidden" value="mumayi.com"/>
1697,http://www.cqhot.cn,<input class="icp--domain" type="hidden" value="cqhot.cn"/>
1698,http://www.cngold.org,<input class="icp--domain" type="hidden" value="cngold.org"/>
1699,http://www.shuax.com,<input class="icp--domain" type="hidden" value="shuax.com"/>
1700,http://www.cctalk.com,<input class="icp--domain" type="hidden" value="cctalk.com"/>
1701,http://www.scholarmate.com,<input class="icp--domain" type="hidden" value="scholarmate.com"/>
1702,http://www.pss-system.gov.cn,<input class="icp--domain" type="hidden" value="pss-system.gov.cn"/>
1703,http://www.yigouu.com,<input class="icp--domain" type="hidden" value="yigouu.com"/>
1704,http://www.shui5.cn,<input class="icp--domain" type="hidden" value="shui5.cn"/>
1705,http://www.17dm.com,<input class="icp--domain" type="hidden" value="17dm.com"/>
1706,http://www.lz13.cn,<input class="icp--domain" type="hidden" value="lz13.cn"/>
1707,http://www.gaoxiaojob.com,<input class="icp--domain" type="hidden" value="gaoxiaojob.com"/>
1708,http://www.admin5.com,<input class="icp--domain" type="hidden" value="admin5.com"/>
1709,http://www.cmdy5.com,<input class="icp--domain" type="hidden" value="cmdy5.com"/>
1710,http://www.v-testing.com,<input class="icp--domain" type="hidden" value="v-testing.com"/>
1711,http://www.uc129.com,<input class="icp--domain" type="hidden" value="uc129.com"/>
1712,http://www.leleketang.com,<input class="icp--domain" type="hidden" value="leleketang.com"/>
1713,http://www.gerensuodeshui.cn,<input class="icp--domain" type="hidden" value="gerensuodeshui.cn"/>
1714,http://www.cnsuning.com,<input class="icp--domain" type="hidden" value="cnsuning.com"/>
1715,http://www.jsyks.com,<input class="icp--domain" type="hidden" value="jsyks.com"/>
1716,http://www.cofeed.com,<input class="icp--domain" type="hidden" value="cofeed.com"/>
1717,http://www.advertcn.com,<input class="icp--domain" type="hidden" value="advertcn.com"/>
1718,http://www.lai18.com,<input class="icp--domain" type="hidden" value="lai18.com"/>
1719,http://www.fxxz.com,<input class="icp--domain" type="hidden" value="fxxz.com"/>
1720,http://www.99.com.cn,<input class="icp--domain" type="hidden" value="99.com.cn"/>
1721,http://www.bjguahao.gov.cn,<input class="icp--domain" type="hidden" value="bjguahao.gov.cn"/>
1722,http://www.wines-info.com,<input class="icp--domain" type="hidden" value="wines-info.com"/>
1723,http://www.kfc.com.cn,<input class="icp--domain" type="hidden" value="kfc.com.cn"/>
1724,http://www.brushes8.com,<input class="icp--domain" type="hidden" value="brushes8.com"/>
1725,http://www.kingtrans.cn,<input class="icp--domain" type="hidden" value="kingtrans.cn"/>
1726,http://www.foundertype.com,<input class="icp--domain" type="hidden" value="foundertype.com"/>
1727,http://www.loli.net,<input class="icp--domain" type="hidden" value="loli.net"/>
1728,http://www.win7zhijia.cn,<input class="icp--domain" type="hidden" value="win7zhijia.cn"/>
1729,http://www.tezhongzhuangbei.com,<input class="icp--domain" type="hidden" value="tezhongzhuangbei.com"/>
1730,http://www.chinapost.com.cn,<input class="icp--domain" type="hidden" value="chinapost.com.cn"/>
1731,http://www.okjike.com,<input class="icp--domain" type="hidden" value="okjike.com"/>
1732,http://www.360kad.com,<input class="icp--domain" type="hidden" value="360kad.com"/>
1733,http://www.eccang.com,<input class="icp--domain" type="hidden" value="eccang.com"/>
1734,http://www.uniqlo.cn,<input class="icp--domain" type="hidden" value="uniqlo.cn"/>
1735,http://www.anjian.com,<input class="icp--domain" type="hidden" value="anjian.com"/>
1736,http://www.feitianwu7.com,<input class="icp--domain" type="hidden" value="feitianwu7.com"/>
1737,http://www.ugsnx.com,<input class="icp--domain" type="hidden" value="ugsnx.com"/>
1738,http://www.cadzxw.com,<input class="icp--domain" type="hidden" value="cadzxw.com"/>
1739,http://www.chinasexq.com,<input class="icp--domain" type="hidden" value="chinasexq.com"/>
1740,http://www.12333sh.gov.cn,<input class="icp--domain" type="hidden" value="12333sh.gov.cn"/>
1741,http://www.maiche168.com,<input class="icp--domain" type="hidden" value="maiche168.com"/>
1742,http://www.loldk.com,<input class="icp--domain" type="hidden" value="loldk.com"/>
1743,http://www.51wangdai.com,<input class="icp--domain" type="hidden" value="51wangdai.com"/>
1744,http://www.iqilu.com,<input class="icp--domain" type="hidden" value="iqilu.com"/>
1745,http://www.wdku.net,<input class="icp--domain" type="hidden" value="wdku.net"/>
1746,http://www.ghpym.com,<input class="icp--domain" type="hidden" value="ghpym.com"/>
1747,http://www.lizhiweike.com,<input class="icp--domain" type="hidden" value="lizhiweike.com"/>
1748,http://www.sankuai.com,<input class="icp--domain" type="hidden" value="sankuai.com"/>
1749,http://www.thmz.com,<input class="icp--domain" type="hidden" value="thmz.com"/>
1750,http://www.sz-jlc.com,<input class="icp--domain" type="hidden" value="sz-jlc.com"/>
1751,http://www.qupeiyin.cn,<input class="icp--domain" type="hidden" value="qupeiyin.cn"/>
1752,http://www.huishenghuiying.com.cn,<input class="icp--domain" type="hidden" value="huishenghuiying.com.cn"/>
1753,http://www.66rpg.com,<input class="icp--domain" type="hidden" value="66rpg.com"/>
1754,http://www.xiguaji.com,<input class="icp--domain" type="hidden" value="xiguaji.com"/>
1755,http://www.bjgjj.gov.cn,<input class="icp--domain" type="hidden" value="bjgjj.gov.cn"/>
1756,http://www.huoban.com,<input class="icp--domain" type="hidden" value="huoban.com"/>
1757,http://www.zyshow.net,<input class="icp--domain" type="hidden" value="zyshow.net"/>
1758,http://www.tudoupe.com,<input class="icp--domain" type="hidden" value="tudoupe.com"/>
1759,http://www.hotjob.cn,<input class="icp--domain" type="hidden" value="hotjob.cn"/>
1760,http://www.nbd.com.cn,<input class="icp--domain" type="hidden" value="nbd.com.cn"/>
1761,http://www.szsi.gov.cn,<input class="icp--domain" type="hidden" value="szsi.gov.cn"/>
1762,http://www.51talk.com,<input class="icp--domain" type="hidden" value="51talk.com"/>
1763,http://www.kfc.com.cn,<input class="icp--domain" type="hidden" value="kfc.com.cn"/>
1764,http://www.tedu.cn,<input class="icp--domain" type="hidden" value="tedu.cn"/>
1765,http://www.okooo.com,<input class="icp--domain" type="hidden" value="okooo.com"/>
1766,http://www.quzhuanpan.com,<input class="icp--domain" type="hidden" value="quzhuanpan.com"/>
1767,http://www.donews.com,<input class="icp--domain" type="hidden" value="donews.com"/>
1768,http://www.luogu.org,<input class="icp--domain" type="hidden" value="luogu.org"/>
1769,http://www.pingpongx.com,<input class="icp--domain" type="hidden" value="pingpongx.com"/>
1770,http://www.gogoup.com,<input class="icp--domain" type="hidden" value="gogoup.com"/>
1771,http://www.acadsoc.com.cn,<input class="icp--domain" type="hidden" value="acadsoc.com.cn"/>
1772,http://www.shejidaren.com,<input class="icp--domain" type="hidden" value="shejidaren.com"/>
1773,http://www.ce.cn,<input class="icp--domain" type="hidden" value="ce.cn"/>
1774,http://www.hxsd.com,<input class="icp--domain" type="hidden" value="hxsd.com"/>
1775,http://www.5i5j.com,<input class="icp--domain" type="hidden" value="5i5j.com"/>
1776,http://www.qmaile.com,<input class="icp--domain" type="hidden" value="qmaile.com"/>
1777,http://www.yunaq.com,<input class="icp--domain" type="hidden" value="yunaq.com"/>
1778,http://www.pkulaw.cn,<input class="icp--domain" type="hidden" value="pkulaw.cn"/>
1779,http://www.h2ero.cn,<input class="icp--domain" type="hidden" value="h2ero.cn"/>
1780,http://www.fevte.com,<input class="icp--domain" type="hidden" value="fevte.com"/>
1781,http://www.fhyx.com,<input class="icp--domain" type="hidden" value="fhyx.com"/>
1782,http://www.xiangha.com,<input class="icp--domain" type="hidden" value="xiangha.com"/>
1783,http://www.e-fa.cn,<input class="icp--domain" type="hidden" value="e-fa.cn"/>
1784,http://www.shejiben.com,<input class="icp--domain" type="hidden" value="shejiben.com"/>
1785,http://www.guangyuanol.cn,<input class="icp--domain" type="hidden" value="guangyuanol.cn"/>
1786,http://www.fwxgx.com,<input class="icp--domain" type="hidden" value="fwxgx.com"/>
1787,http://www.jumpw.com,<input class="icp--domain" type="hidden" value="jumpw.com"/>
1788,http://www.qqyou.com,<input class="icp--domain" type="hidden" value="qqyou.com"/>
1789,http://www.freekaoyan.com,<input class="icp--domain" type="hidden" value="freekaoyan.com"/>
1790,http://www.niaogebiji.com,<input class="icp--domain" type="hidden" value="niaogebiji.com"/>
1791,http://www.21food.cn,<input class="icp--domain" type="hidden" value="21food.cn"/>
1792,http://www.52watch.com,<input class="icp--domain" type="hidden" value="52watch.com"/>
1793,http://www.cndns.com,<input class="icp--domain" type="hidden" value="cndns.com"/>
1794,http://www.ecitic.com,<input class="icp--domain" type="hidden" value="ecitic.com"/>
1795,http://www.5imx.com,<input class="icp--domain" type="hidden" value="5imx.com"/>
1796,http://www.igxe.cn,<input class="icp--domain" type="hidden" value="igxe.cn"/>
1797,http://www.qupu123.com,<input class="icp--domain" type="hidden" value="qupu123.com"/>
1798,http://www.liangxinyao.com,<input class="icp--domain" type="hidden" value="liangxinyao.com"/>
1799,http://www.exam8.com,<input class="icp--domain" type="hidden" value="exam8.com"/>
1800,http://www.shfft.com,<input class="icp--domain" type="hidden" value="shfft.com"/>
1801,http://www.618g.com,<input class="icp--domain" type="hidden" value="618g.com"/>
1802,http://www.waitsun.com,<input class="icp--domain" type="hidden" value="waitsun.com"/>
1803,http://www.fblife.com,<input class="icp--domain" type="hidden" value="fblife.com"/>
1804,http://www.iiyi.com,<input class="icp--domain" type="hidden" value="iiyi.com"/>
1805,http://www.swufe.edu.cn,<input class="icp--domain" type="hidden" value="swufe.edu.cn"/>
1806,http://www.jinse.com,<input class="icp--domain" type="hidden" value="jinse.com"/>
1807,http://www.ebookcn.com,<input class="icp--domain" type="hidden" value="ebookcn.com"/>
1808,http://www.1ting.com,<input class="icp--domain" type="hidden" value="1ting.com"/>
1809,http://www.jaifang.com,<input class="icp--domain" type="hidden" value="jaifang.com"/>
1810,http://www.shmec.gov.cn,<input class="icp--domain" type="hidden" value="shmec.gov.cn"/>
1811,http://www.vpgame.com,<input class="icp--domain" type="hidden" value="vpgame.com"/>
1812,http://www.medmeeting.org,<input class="icp--domain" type="hidden" value="medmeeting.org"/>
1813,http://www.pkulaw.cn,<input class="icp--domain" type="hidden" value="pkulaw.cn"/>
1814,http://www.saikr.com,<input class="icp--domain" type="hidden" value="saikr.com"/>
1815,http://www.aoshu.com,<input class="icp--domain" type="hidden" value="aoshu.com"/>
1816,http://www.dotamax.com,<input class="icp--domain" type="hidden" value="dotamax.com"/>
1817,http://www.gaotie.cn,<input class="icp--domain" type="hidden" value="gaotie.cn"/>
1818,http://www.jiaoyimao.com,<input class="icp--domain" type="hidden" value="jiaoyimao.com"/>
1819,http://www.21cnjy.com,<input class="icp--domain" type="hidden" value="21cnjy.com"/>
1820,http://www.xrcch.com,<input class="icp--domain" type="hidden" value="xrcch.com"/>
1821,http://www.njtu.edu.cn,<input class="icp--domain" type="hidden" value="njtu.edu.cn"/>
1822,http://www.cssn.cn,<input class="icp--domain" type="hidden" value="cssn.cn"/>
1823,http://www.cjn.cn,<input class="icp--domain" type="hidden" value="cjn.cn"/>
1824,http://www.huaxia.com,<input class="icp--domain" type="hidden" value="huaxia.com"/>
1825,http://www.beisen.com,<input class="icp--domain" type="hidden" value="beisen.com"/>
1826,http://www.wo.com.cn,<input class="icp--domain" type="hidden" value="wo.com.cn"/>
1827,http://www.diyiziti.com,<input class="icp--domain" type="hidden" value="diyiziti.com"/>
1828,http://www.btsou.org,<input class="icp--domain" type="hidden" value="btsou.org"/>
1829,http://www.5idhl.com,<input class="icp--domain" type="hidden" value="5idhl.com"/>
1830,http://www.sui.com,<input class="icp--domain" type="hidden" value="sui.com"/>
1831,http://www.imaxmv.com,<input class="icp--domain" type="hidden" value="imaxmv.com"/>
1832,http://www.cardbaobao.com,<input class="icp--domain" type="hidden" value="cardbaobao.com"/>
1833,http://www.dxsbb.com,<input class="icp--domain" type="hidden" value="dxsbb.com"/>
1834,http://www.jdy.com,<input class="icp--domain" type="hidden" value="jdy.com"/>
1835,http://www.beian.gov.cn,<input class="icp--domain" type="hidden" value="beian.gov.cn"/>
1836,http://www.ruby-china.org,<input class="icp--domain" type="hidden" value="ruby-china.org"/>
1837,http://www.juhe.cn,<input class="icp--domain" type="hidden" value="juhe.cn"/>
1838,http://www.yundaex.com,<input class="icp--domain" type="hidden" value="yundaex.com"/>
1839,http://www.biquyun.com,<input class="icp--domain" type="hidden" value="biquyun.com"/>
1840,http://www.otomedream.com,<input class="icp--domain" type="hidden" value="otomedream.com"/>
1841,http://www.ccidcom.com,<input class="icp--domain" type="hidden" value="ccidcom.com"/>
1842,http://www.chinabyte.com,<input class="icp--domain" type="hidden" value="chinabyte.com"/>
1843,http://www.bb868.com,<input class="icp--domain" type="hidden" value="bb868.com"/>
1844,http://www.21cn.com,<input class="icp--domain" type="hidden" value="21cn.com"/>
1845,http://www.cyzone.cn,<input class="icp--domain" type="hidden" value="cyzone.cn"/>
1846,http://www.tedu.cn,<input class="icp--domain" type="hidden" value="tedu.cn"/>
1847,http://www.gamfook.com,<input class="icp--domain" type="hidden" value="gamfook.com"/>
1848,http://www.huzhan.com,<input class="icp--domain" type="hidden" value="huzhan.com"/>
1849,http://www.neihan8.com,<input class="icp--domain" type="hidden" value="neihan8.com"/>
1850,http://www.yizhuan5.com,<input class="icp--domain" type="hidden" value="yizhuan5.com"/>
1851,http://www.91flac.com,<input class="icp--domain" type="hidden" value="91flac.com"/>
1852,http://www.dbw.cn,<input class="icp--domain" type="hidden" value="dbw.cn"/>
1853,http://www.bjeea.cn,<input class="icp--domain" type="hidden" value="bjeea.cn"/>
1854,http://www.chinamobile.com,<input class="icp--domain" type="hidden" value="chinamobile.com"/>
1855,http://www.yingxiong.com,<input class="icp--domain" type="hidden" value="yingxiong.com"/>
1856,http://www.cnkis.net,<input class="icp--domain" type="hidden" value="cnkis.net"/>
1857,http://www.ydss.cn,<input class="icp--domain" type="hidden" value="ydss.cn"/>
1858,http://www.shgjj.com,<input class="icp--domain" type="hidden" value="shgjj.com"/>
1859,http://www.leha.com,<input class="icp--domain" type="hidden" value="leha.com"/>
1860,http://www.caibaojian.com,<input class="icp--domain" type="hidden" value="caibaojian.com"/>
1861,http://www.ce.cn,<input class="icp--domain" type="hidden" value="ce.cn"/>
1862,http://www.aihami.com,<input class="icp--domain" type="hidden" value="aihami.com"/>
1863,http://www.c4dcn.com,<input class="icp--domain" type="hidden" value="c4dcn.com"/>
1864,http://www.gxnews.com.cn,<input class="icp--domain" type="hidden" value="gxnews.com.cn"/>
1865,http://www.chachaba.com,<input class="icp--domain" type="hidden" value="chachaba.com"/>
1866,http://www.boohee.com,<input class="icp--domain" type="hidden" value="boohee.com"/>
1867,http://www.unipus.cn,<input class="icp--domain" type="hidden" value="unipus.cn"/>
1868,http://www.cvte.com,<input class="icp--domain" type="hidden" value="cvte.com"/>
1869,http://www.t999.cn,<input class="icp--domain" type="hidden" value="t999.cn"/>
1870,http://www.mybank.cn,<input class="icp--domain" type="hidden" value="mybank.cn"/>
1871,http://www.laomaotao.org,<input class="icp--domain" type="hidden" value="laomaotao.org"/>
1872,http://www.bidchance.com,<input class="icp--domain" type="hidden" value="bidchance.com"/>
1873,http://www.goodgupiao.com,<input class="icp--domain" type="hidden" value="goodgupiao.com"/>
1874,http://www.itdaan.com,<input class="icp--domain" type="hidden" value="itdaan.com"/>
1875,http://www.leisu.com,<input class="icp--domain" type="hidden" value="leisu.com"/>
1876,http://www.kuaikanmanhua.com,<input class="icp--domain" type="hidden" value="kuaikanmanhua.com"/>
1877,http://www.ichacha.net,<input class="icp--domain" type="hidden" value="ichacha.net"/>
1878,http://www.csweigou.com,<input class="icp--domain" type="hidden" value="csweigou.com"/>
1879,http://www.amac.org.cn,<input class="icp--domain" type="hidden" value="amac.org.cn"/>
1880,http://www.travelsky.com,<input class="icp--domain" type="hidden" value="travelsky.com"/>
1881,http://www.cgbchina.com.cn,<input class="icp--domain" type="hidden" value="cgbchina.com.cn"/>
1882,http://www.appgrowing.cn,<input class="icp--domain" type="hidden" value="appgrowing.cn"/>
1883,http://www.hunan.gov.cn,<input class="icp--domain" type="hidden" value="hunan.gov.cn"/>
1884,http://www.bmw.com.cn,<input class="icp--domain" type="hidden" value="bmw.com.cn"/>
1885,http://www.baizhan.net,<input class="icp--domain" type="hidden" value="baizhan.net"/>
1886,http://www.maimai.cn,<input class="icp--domain" type="hidden" value="maimai.cn"/>
1887,http://www.onehourlife.com,<input class="icp--domain" type="hidden" value="onehourlife.com"/>
1888,http://www.hdarea.co,<input class="icp--domain" type="hidden" value="hdarea.co"/>
1889,http://www.ccaonline.cn,<input class="icp--domain" type="hidden" value="ccaonline.cn"/>
1890,http://www.ziyoufang.com,<input class="icp--domain" type="hidden" value="ziyoufang.com"/>
1891,http://www.cnsat.net,<input class="icp--domain" type="hidden" value="cnsat.net"/>
1892,http://www.gameres.com,<input class="icp--domain" type="hidden" value="gameres.com"/>
1893,http://www.xxzhushou.cn,<input class="icp--domain" type="hidden" value="xxzhushou.cn"/>
1894,http://www.ni.com,<input class="icp--domain" type="hidden" value="ni.com"/>
1895,http://www.ip.cn,<input class="icp--domain" type="hidden" value="ip.cn"/>
1896,http://www.biqukan.com,<input class="icp--domain" type="hidden" value="biqukan.com"/>
1897,http://www.carnoc.com,<input class="icp--domain" type="hidden" value="carnoc.com"/>
1898,http://www.highpin.cn,<input class="icp--domain" type="hidden" value="highpin.cn"/>
1899,http://www.chinapostdoctor.org.cn,<input class="icp--domain" type="hidden" value="chinapostdoctor.org.cn"/>
1900,http://www.hangzhou.com.cn,<input class="icp--domain" type="hidden" value="hangzhou.com.cn"/>
1901,http://www.youxiniao.com,<input class="icp--domain" type="hidden" value="youxiniao.com"/>
1902,http://www.shouji.com.cn,<input class="icp--domain" type="hidden" value="shouji.com.cn"/>
1903,http://www.5888.tv,<input class="icp--domain" type="hidden" value="5888.tv"/>
1904,http://www.joinquant.com,<input class="icp--domain" type="hidden" value="joinquant.com"/>
1905,http://www.znzmo.com,<input class="icp--domain" type="hidden" value="znzmo.com"/>
1906,http://www.lemall.com,<input class="icp--domain" type="hidden" value="lemall.com"/>
1907,http://www.eeyy.com,<input class="icp--domain" type="hidden" value="eeyy.com"/>
1908,http://www.windowszj.com,<input class="icp--domain" type="hidden" value="windowszj.com"/>
1909,http://www.cn4e.com,<input class="icp--domain" type="hidden" value="cn4e.com"/>
1910,http://www.chengdu.gov.cn,<input class="icp--domain" type="hidden" value="chengdu.gov.cn"/>
1911,http://www.9damao.com,<input class="icp--domain" type="hidden" value="9damao.com"/>
1912,http://www.w7.cc,<input class="icp--domain" type="hidden" value="w7.cc"/>
1913,http://www.4kjia.com,<input class="icp--domain" type="hidden" value="4kjia.com"/>
1914,http://www.zhangxinxu.com,<input class="icp--domain" type="hidden" value="zhangxinxu.com"/>
1915,http://www.huangye88.com,<input class="icp--domain" type="hidden" value="huangye88.com"/>
1916,http://www.xmind.cn,<input class="icp--domain" type="hidden" value="xmind.cn"/>
1917,http://www.soyoung.com,<input class="icp--domain" type="hidden" value="soyoung.com"/>
1918,http://www.fotor.com.cn,<input class="icp--domain" type="hidden" value="fotor.com.cn"/>
1919,http://www.qspfw.com,<input class="icp--domain" type="hidden" value="qspfw.com"/>
1920,http://www.baihe.com,<input class="icp--domain" type="hidden" value="baihe.com"/>
1921,http://www.hapame.com,<input class="icp--domain" type="hidden" value="hapame.com"/>
1922,http://www.scs.gov.cn,<input class="icp--domain" type="hidden" value="scs.gov.cn"/>
1923,http://www.jiangsu.gov.cn,<input class="icp--domain" type="hidden" value="jiangsu.gov.cn"/>
1924,http://www.tcl.com,<input class="icp--domain" type="hidden" value="tcl.com"/>
1925,http://www.luogu.org,<input class="icp--domain" type="hidden" value="luogu.org"/>
1926,http://www.zanmeishi.com,<input class="icp--domain" type="hidden" value="zanmeishi.com"/>
1927,http://www.huizhek.com,<input class="icp--domain" type="hidden" value="huizhek.com"/>
1928,http://www.cheshi.com,<input class="icp--domain" type="hidden" value="cheshi.com"/>
1929,http://www.23us.cc,<input class="icp--domain" type="hidden" value="23us.cc"/>
1930,http://www.colabug.com,<input class="icp--domain" type="hidden" value="colabug.com"/>
1931,http://www.21hifi.com,<input class="icp--domain" type="hidden" value="21hifi.com"/>
1932,http://www.cbooo.cn,<input class="icp--domain" type="hidden" value="cbooo.cn"/>
1933,http://www.hrssgz.gov.cn,<input class="icp--domain" type="hidden" value="hrssgz.gov.cn"/>
1934,http://www.ccutu.com,<input class="icp--domain" type="hidden" value="ccutu.com"/>
1935,http://www.qiaobutang.com,<input class="icp--domain" type="hidden" value="qiaobutang.com"/>
1936,http://www.thinkpad.com,<input class="icp--domain" type="hidden" value="thinkpad.com"/>
1937,http://www.zhixue.com,<input class="icp--domain" type="hidden" value="zhixue.com"/>
1938,http://www.sandai.net,<input class="icp--domain" type="hidden" value="sandai.net"/>
1939,http://www.zhimg.com,<input class="icp--domain" type="hidden" value="zhimg.com"/>
1940,http://www.dede58.com,<input class="icp--domain" type="hidden" value="dede58.com"/>
1941,http://www.jitatang.com,<input class="icp--domain" type="hidden" value="jitatang.com"/>
1942,http://www.gz.gov.cn,<input class="icp--domain" type="hidden" value="gz.gov.cn"/>
1943,http://www.yiqifa.com,<input class="icp--domain" type="hidden" value="yiqifa.com"/>
1944,http://www.xin.com,<input class="icp--domain" type="hidden" value="xin.com"/>
1945,http://www.mfisp.com,<input class="icp--domain" type="hidden" value="mfisp.com"/>
1946,http://www.jss.com.cn,<input class="icp--domain" type="hidden" value="jss.com.cn"/>
1947,http://www.youbianku.com,<input class="icp--domain" type="hidden" value="youbianku.com"/>
1948,http://www.samsungeshop.com.cn,<input class="icp--domain" type="hidden" value="samsungeshop.com.cn"/>
1949,http://www.52wmb.com,<input class="icp--domain" type="hidden" value="52wmb.com"/>
1950,http://www.boosj.com,<input class="icp--domain" type="hidden" value="boosj.com"/>
1951,http://www.virscan.org,<input class="icp--domain" type="hidden" value="virscan.org"/>
1952,http://www.ename.cn,<input class="icp--domain" type="hidden" value="ename.cn"/>
1953,http://www.xitmi.com,<input class="icp--domain" type="hidden" value="xitmi.com"/>
1954,http://www.hydcd.com,<input class="icp--domain" type="hidden" value="hydcd.com"/>
1955,http://www.61.com,<input class="icp--domain" type="hidden" value="61.com"/>
1956,http://www.junpin360.com,<input class="icp--domain" type="hidden" value="junpin360.com"/>
1957,http://www.ly.com,<input class="icp--domain" type="hidden" value="ly.com"/>
1958,http://www.winning11cn.com,<input class="icp--domain" type="hidden" value="winning11cn.com"/>
1959,http://www.citicbank.com,<input class="icp--domain" type="hidden" value="citicbank.com"/>
1960,http://www.akuziti.com,<input class="icp--domain" type="hidden" value="akuziti.com"/>
1961,http://www.madisonboom.com,<input class="icp--domain" type="hidden" value="madisonboom.com"/>
1962,http://www.yw56.com.cn,<input class="icp--domain" type="hidden" value="yw56.com.cn"/>
1963,http://www.mayi.com,<input class="icp--domain" type="hidden" value="mayi.com"/>
1964,http://www.sufe.edu.cn,<input class="icp--domain" type="hidden" value="sufe.edu.cn"/>
1965,http://www.cdbao.net,<input class="icp--domain" type="hidden" value="cdbao.net"/>
1966,http://www.wyzxwk.com,<input class="icp--domain" type="hidden" value="wyzxwk.com"/>
1967,http://www.szonline.net,<input class="icp--domain" type="hidden" value="szonline.net"/>
1968,http://www.yaozs.com,<input class="icp--domain" type="hidden" value="yaozs.com"/>
1969,http://www.knet.cn,<input class="icp--domain" type="hidden" value="knet.cn"/>
1970,http://www.office68.com,<input class="icp--domain" type="hidden" value="office68.com"/>
1971,http://www.firefox.com.cn,<input class="icp--domain" type="hidden" value="firefox.com.cn"/>
1972,http://www.cnhubei.com,<input class="icp--domain" type="hidden" value="cnhubei.com"/>
1973,http://www.ys7.com,<input class="icp--domain" type="hidden" value="ys7.com"/>
1974,http://www.shanghai.gov.cn,<input class="icp--domain" type="hidden" value="shanghai.gov.cn"/>
1975,http://www.lantouzi.com,<input class="icp--domain" type="hidden" value="lantouzi.com"/>
1976,http://www.hejizhan.com,<input class="icp--domain" type="hidden" value="hejizhan.com"/>
1977,http://www.disktool.cn,<input class="icp--domain" type="hidden" value="disktool.cn"/>
1978,http://www.zhayanwang.com,<input class="icp--domain" type="hidden" value="zhayanwang.com"/>
1979,http://www.nongjx.com,<input class="icp--domain" type="hidden" value="nongjx.com"/>
1980,http://www.epicc.com.cn,<input class="icp--domain" type="hidden" value="epicc.com.cn"/>
