id,link
1,http://www.01net.com
2,http://www.10010.com
3,http://www.10086.cn
4,http://www.11467.com
5,http://www.114la.com
6,http://www.115.com
8,http://www.118114.cn/
9,http://www.11st.co.kr/
11,http://www.120ask.com
13,http://www.122.gov.cn
14,http://www.12306.cn
15,http://www.123people.com
16,http://www.126.com
18,http://www.135editor.com
19,http://www.159game.com
20,http://www.163.com
22,http://www.1688.com
23,http://www.17173.com
25,http://www.176.com
26,http://www.178.com
27,http://www.17ok.com
28,http://www.17track.net
29,http://www.18183.com
30,http://www.189.cn
31,http://www.19lou.com
32,http://www.19lou.com
33,http://www.1link.ru/
34,http://www.1stwebgame.com
35,http://www.1ting.com
36,http://www.2000y.net/
37,http://www.21cn.com
38,http://www.2345.com
40,http://www.24h.com.vn/
41,http://www.258.com
42,http://www.265.com
43,http://www.27.cn/
44,http://www.2ch.net/
45,http://www.2cto.com
46,http://www.313.cn
47,http://www.3158.cn
48,http://www.360.cn
50,http://www.360.com
51,http://www.360buy.com
52,http://www.360doc.com
54,http://www.360kan.com
55,http://www.365jia.cn
56,http://www.365jilin.com
57,http://www.36kr.com
58,http://www.37cs.com
59,http://www.39.net/
60,http://www.3d66.com
61,http://www.3dmgame.com
62,http://www.400.cn
63,http://www.4399.com
65,http://www.47news.jp/
66,http://www.4px.com
67,http://www.4shared.com
68,http://www.51.com
69,http://www.51.la
70,http://www.51credit.com
71,http://www.51cto.com
72,http://www.51fswd.com
73,http://www.51hejia.com
74,http://www.51job.com
76,http://www.51mole.com
77,http://www.51nb.com
78,http://www.51seer.com
79,http://www.51sole.com
80,http://www.52pk.com
82,http://www.52pojie.cn
83,http://www.5599.net/
84,http://www.56.com
85,http://www.58.com
87,http://www.588ku.com
88,http://www.58pic.com
89,http://www.5acbd.com
90,http://www.5d6d.com
91,http://www.6.cn
93,http://www.61.com
94,http://www.66law.cn
95,http://www.66ys.tv
96,http://www.699pic.com
97,http://www.6vhao.tv
98,http://www.70yx.com
99,http://www.7k7k.com
101,http://www.80s.tw
102,http://www.8684.cn/
103,http://www.91jm.com
104,http://www.92fanli.com
105,http://www.9384.com
107,http://www.99114.com
108,http://www.9978.cn
109,http://www.9game.cn
110,http://www.9game.cn
111,http://www.9ku.com
112,http://www.9lianmeng.com
113,http://www.9wee.com
114,http://www.a9vg.com
115,http://www.aa.com
116,http://www.abchina.com
117,http://www.about.com
118,http://www.abril.com.br/
119,http://www.accountonline.com
120,http://www.accuweather.com
121,http://www.acer.com
122,http://www.acfun.cn
123,http://www.acrobat.com
124,http://www.acs.org
125,http://www.addictinggames.com
126,http://www.addthis.com
127,http://www.adobe.com
128,http://www.advmaker.ru/
129,http://www.agame.com
130,http://www.aibang.com
131,http://www.aizhan.com
132,http://www.alexa.com
133,http://www.ali213.net
134,http://www.alibaba.com
135,http://www.alibaba.com
136,http://www.alibaba-inc.com
137,http://www.alicdn.com
138,http://www.alice.it/
140,http://www.alimama.com
142,http://www.alipay.com
144,http://www.alisoft.com
145,http://www.alitrip.com
146,http://www.aliyun.com
147,http://www.aliyuncs.com
148,http://www.allabout.co.jp/
149,http://www.allegro.pl/
150,http://www.allexperts.com
151,http://www.allocine.fr/
152,http://www.allrecipes.com
153,http://www.alot.com
154,http://www.altervista.org/
155,http://www.amap.com
156,http://www.amazon.cn
158,http://www.amazon.co.jp/
159,http://www.amazon.co.uk/
160,http://www.amazon.com
161,http://www.amazon.de/
162,http://www.amazon.fr/
163,http://www.ameba.jp/
164,http://www.ameblo.jp/
165,http://www.americanexpress.com
166,http://www.ana.co.jp/
167,http://www.ancestry.com
168,http://www.angelfire.com
169,http://www.anjuke.com
170,http://www.answerbag.com
171,http://www.answers.com
172,http://www.antpedia.com
173,http://www.aol.com
174,http://www.aolnews.com
175,http://www.appinn.com
176,http://www.apple.com
177,http://www.appspot.com
178,http://www.archive.org/
179,http://www.argos.co.uk/
180,http://www.armorgames.com
181,http://www.articlesbase.com
182,http://www.asahi.com
183,http://www.asahi-net.or.jp/
184,http://www.asiae.co.kr/
185,http://www.ask.com
186,http://www.associatedcontent.com
187,http://www.att.com
188,http://www.atwiki.jp/
189,http://www.auction.co.kr/
190,http://www.aufeminin.com
191,http://www.autohome.com.cn
193,http://www.autoscout24.de/
194,http://www.autotimes.com.cn
195,http://www.autotrader.com
196,http://www.avast.com
197,http://www.avg.com
198,http://www.aweber.com
199,http://www.azlyrics.com
200,http://www.b2b168.com
201,http://www.babycenter.com
202,http://www.babylon.com
203,http://www.babyschool.com.cn
204,http://www.babytree.com
205,http://www.badoo.com
206,http://www.bahn.de/
207,http://www.baidu.com
209,http://www.baike.com
210,http://www.baixaki.com.br/
211,http://www.baixing.com
213,http://www.bandoo.com
214,http://www.bankofamerica.com
215,http://www.banma.com
216,http://www.baofeng.com
217,http://www.barbie.com
218,http://www.barnesandnoble.com
219,http://www.battlenet.com.cn
220,http://www.bbc.co.uk/
221,http://www.bdimg.com
222,http://www.bdr130.net/
223,http://www.bearshare.com
224,http://www.bebo.com
225,http://www.beemp3.com
226,http://www.bestbuy.com
227,http://www.best-price.com
228,http://www.bidders.co.jp/
229,http://www.bigfishgames.com
230,http://www.biglobe.ne.jp/
231,http://www.bigpoint.com
232,http://www.bild.de/
233,http://www.bilibili.com
235,http://www.bing.com
236,http://www.bin-layer.de/
237,http://www.biquge.com.tw
238,http://www.bit.ly/
239,http://www.bitauto.com
240,http://www.bitauto.com
241,http://www.bizrate.com
242,http://www.blackberry.com
243,http://www.blizzard.cn
244,http://www.blogbus.com
245,http://www.blogcu.com
246,http://www.blogger.com
247,http://www.blogmura.com
248,http://www.blogspot.com
249,http://www.bloomberg.com
250,http://www.blurtit.com
252,http://www.boc.cn/
253,http://www.bohelady.com
254,http://www.bomb-mp3.com
255,http://www.book118.com
256,http://www.booking.com
257,http://www.boosj.com
258,http://www.boston.com
259,http://www.break.com
260,http://www.brothersoft.com
261,http://www.browserchoice.eu/
262,http://www.btbtdy.com
263,http://www.btime.com
264,http://www.btjunkie.org/
265,http://www.businessweek.com
266,http://www.buy.com
267,http://www.buzzle.com
268,http://www.buzznet.com
269,http://www.bytedance.com
270,http://www.bytedance.net
271,http://www.bzw315.com
272,http://www.ca.gov/
273,http://www.caijing.com.cn
274,http://www.capitalone.com
275,http://www.careerbuilder.com
276,http://www.cartoonnetwork.com
277,http://www.carview.co.jp/
278,http://www.cas.cn
279,http://www.casicloud.com
280,http://www.causes.com
281,http://www.cbsnews.com
282,http://www.ccb.com
283,http://www.ccb.com.cn
285,http://www.ccbill.com
286,http://www.cctv.com
288,http://www.cdstm.cn
289,http://www.ce.cn/
290,http://www.ceconline.com
291,http://www.cfsbcn.com
292,http://www.chaduo.com
293,http://www.changyou.com
294,http://www.chase.com
295,http://www.che168.com
296,http://www.cheaa.com
297,http://www.chengdu.cn
298,http://www.china.com
300,http://www.china.com.cn
302,http://www.chinacars.com
303,http://www.chinadaily.com.cn
305,http://www.chinahr.com
306,http://www.chinamobile.com
307,http://www.chinanews.com.cn/
308,http://www.chinaren.com
309,http://www.chinaunix.net
310,http://www.chinaz.com
312,http://www.chip.de/
313,http://www.chiphell.com
314,http://www.chosun.com
315,http://www.chouti.com
316,http://www.chsi.com.cn
317,http://www.ci123.com
318,http://www.ciao.de/
319,http://www.cifnews.com
320,http://www.citibank.com
321,http://www.citicards.com
322,http://www.city-data.com
323,http://www.citysearch.com
324,http://www.cjdby.net
325,http://www.clarin.com
326,http://www.classmates.com
327,http://www.cli.im
328,http://www.clubpenguin.com
329,http://www.cmbchina.com
331,http://www.cn163.net
332,http://www.cn2che.com
333,http://www.cnbeta.com
334,http://www.cnblogs.com
335,http://www.cncmax.cn/
336,http://www.cncn.org.cn
338,http://www.cnet.com
339,http://www.cnki.com.cn/
341,http://www.cnki.net/
342,http://www.cnn.com
343,http://www.cnnic.cn
344,http://www.cntv.cn
346,http://www.cnwnews.com
347,http://www.cnxad.com
349,http://www.cnzz.com
350,http://www.cocolog-nifty.com
351,http://www.com.com
352,http://www.comcast.com
353,http://www.comcast.net/
354,http://www.commentcamarche.net/
355,http://www.computerbild.de/
356,http://www.conduit.com
357,http://www.constantcontact.com
358,http://www.cookpad.com
359,http://www.cooks.com
360,http://www.cool.ne.jp/
361,http://www.cooliris.com
362,http://www.corriere.it/
363,http://www.costco.com
364,http://www.coursera.org
365,http://www.cpic.com.cn
366,http://www.cqnews.net
367,http://www.cqvip.com
368,http://www.cr173.com
369,http://www.craigslist.org/
370,http://www.cri.cn/
371,http://www.cricinfo.com
372,http://www.csair.com
374,http://www.csdn.net/
375,http://www.ct10000.com
376,http://www.ctfile.com
377,http://www.ctoutiao.com
378,http://www.ctrip.com
380,http://www.cyol.com
381,http://www.cyworld.com
382,http://www.d1com.com
383,http://www.d1ev.com
384,http://www.d1net.com
385,http://www.daily.co.jp/
386,http://www.dailymail.co.uk/
387,http://www.dailymotion.com
388,http://www.dangdang.com
389,http://www.dantri.com.vn/
390,http://www.dapenti.com
391,http://www.daum.net/
392,http://www.dayoo.com
393,http://www.ddmap.com
394,http://www.dealtime.com
395,http://www.deezer.com
396,http://www.delicious.com
397,http://www.dell.com
398,http://www.delta.com
399,http://www.depositfiles.com
400,http://www.detik.com
401,http://www.deviantart.com
402,http://www.deviantart.net/
403,http://www.dgtle.com
405,http://www.dianping.com
406,http://www.dianxiaomi.com
407,http://www.dict.cn
408,http://www.digg.com
409,http://www.digitaling.com
410,http://www.dilidili.wang
411,http://www.dingtalk.com
412,http://www.dion.ne.jp/
413,http://www.direct.gov.uk/
414,http://www.discovery.com
415,http://www.divx.com
416,http://www.dmzj.com
417,http://www.doc88.com
418,http://www.docin.com
420,http://www.docin.com
421,http://www.docstoc.com
422,http://www.doctissimo.fr/
423,http://www.domaintools.com
424,http://www.donga.com
425,http://www.dospy.com
426,http://www.douban.com
428,http://www.douyu.com
429,http://www.downcc.com
430,http://www.downloadcave.com
431,http://www.download-gate.com
432,http://www.downloadhelper.net/
433,http://www.downtr.net/
434,http://www.dreamstime.com
435,http://www.dropbox.com
436,http://www.dtiblog.com
437,http://www.duba.com
438,http://www.duomai.com
439,http://www.duote.com
440,http://www.duowan.com
442,http://www.dv37.com
443,http://www.dxy.cn
444,http://www.dzwww.com
445,http://www.e23.cn
446,http://www.e23.cn
447,http://www.ea.com
448,http://www.ea3w.com
449,http://www.eastday.com
451,http://www.eastmoney.com
453,http://www.easyjet.com
454,http://www.easy-share.com
455,http://www.ebay.co.uk/
456,http://www.ebay.com
457,http://www.ebay.com.au/
458,http://www.ebay.com.hk
459,http://www.ebay.de/
460,http://www.ebay.fr/
461,http://www.ebay.it/
462,http://www.ebrun.com
463,http://www.ebuddy.com
464,http://www.eccn.com
465,http://www.ed.gov/
466,http://www.edeng.cn/
467,http://www.eee114.com
468,http://www.efu.com.cn
469,http://www.ehow.com
470,http://www.ekolay.net/
471,http://www.elmundo.es/
472,http://www.elpais.com
473,http://www.elsevier.com
474,http://www.emagister.com
475,http://www.ems.com.cn
476,http://www.encyclopedia.com
477,http://www.enet.com.cn/
478,http://www.engadget.com
479,http://www.esmas.com
480,http://www.etology.com
481,http://www.etsy.com
482,http://www.europa.eu/
483,http://www.everesttech.net/
484,http://www.evite.com
485,http://www.evolife.cn
486,http://www.examiner.com
487,http://www.exblog.jp/
488,http://www.excite.co.jp/
489,http://www.expedia.com
490,http://www.experts-exchange.com
491,http://www.ezinearticles.com
492,http://www.facebook.com
493,http://www.fanbox.com
494,http://www.fandango.com
495,http://www.fang.com
496,http://www.fangdd.com
497,http://www.fangeye.com
498,http://www.fanpop.com
499,http://www.farmville.com
500,http://www.fastbrowsersearch.com
501,http://www.fbcdn.net/
502,http://www.fc2.com
503,http://www.fc2web.com
504,http://www.fedex.com
505,http://www.feiren.com
506,http://www.feng.com
507,http://www.fengniao.com
508,http://www.fetion.com.cn/
509,http://www.fidelity.com
510,http://www.filehippo.com
511,http://www.filestube.com
512,http://www.findarticles.com
513,http://www.findlaw.cn
514,http://www.firefoxchina.cn
515,http://www.fixya.com
516,http://www.flickr.com
517,http://www.fliggy.com
518,http://www.flyertea.com
519,http://www.fobshanghai.com
520,http://www.focus.cn
521,http://www.focus.cn/
522,http://www.foodnetwork.com
523,http://www.forbes.com
524,http://www.formspring.me/
525,http://www.fotolog.com
526,http://www.foxnetworks.com
527,http://www.foxnews.com
528,http://www.foxsports.com
529,http://www.freakshare.net/
530,http://www.free.fr/
531,http://www.freedownloadscenter.com
532,http://www.freelotto.com
533,http://www.freeonlinegames.com
534,http://www.freewebs.com
535,http://www.fresheye.com
536,http://www.freshwap.net/
537,http://www.friendster.com
538,http://www.ft.com
539,http://www.fudan.edu.cn
540,http://www.funshion.com
541,http://www.fx120.net/
542,http://www.fzdm.com
543,http://www.fzg360.com
544,http://www.game2.cn/
545,http://www.game2.com.cn/
546,http://www.gamespot.com
548,http://www.ganji.com
549,http://www.gao7.com
550,http://www.gaoloumi.com
551,http://www.gap.com
552,http://www.gazeta.pl/
553,http://www.g-cores.com
554,http://www.gemius.pl/
555,http://www.geocities.co.jp/
556,http://www.geocities.jp/
557,http://www.getpersonas.com
558,http://www.gfan.com
559,http://www.g-fox.cn
560,http://www.gigazine.net/
561,http://www.girlsgogames.com
562,http://www.gismeteo.ru/
563,http://www.gitee.com
564,http://www.gizmodo.com
565,http://www.glispa.com
566,http://www.globo.com
567,http://www.gmarket.co.kr/
568,http://www.gmw.cn
569,http://www.gmx.net/
570,http://www.gnavi.co.jp/
571,http://www.go.com
572,http://www.go2000.com
573,http://www.goal.com
574,http://www.godaddy.com
575,http://www.gome.com.cn
576,http://www.gongchang.com
577,http://www.goo.ne.jp/
578,http://www.google.cn
580,http://www.gotomeeting.com
581,http://www.gougou.com
582,http://www.guardian.co.uk/
583,http://www.guokr.com
584,http://www.gusuwang.com
585,http://www.gutefrage.net/
586,http://www.hankooki.com
587,http://www.hankyung.com
588,http://www.hao123.com
590,http://www.hao245.com
591,http://www.hao6v.com
592,http://www.haofang.net
593,http://www.hatena.ne.jp/
594,http://www.hc360.com
596,http://www.hdpfans.com
597,http://www.hexun.com
599,http://www.hh010.com
600,http://www.hi5.com
601,http://www.hilton.com
602,http://www.hinet.net/
603,http://www.hi-pda.com
604,http://www.hm.com
605,http://www.home77.com
606,http://www.homedepot.com
607,http://www.hotels.com
608,http://www.hotfile.com
609,http://www.hotmail.com
610,http://www.hotpepper.jp/
611,http://www.hotwire.com
612,http://www.howstuffworks.com
613,http://www.hp.com
614,http://www.hrloo.com
615,http://www.huaban.com
616,http://www.huanlang.com
617,http://www.huanqiu.com
619,http://www.huawei.com
620,http://www.hubpages.com
621,http://www.hudong.com
622,http://www.huffingtonpost.com
623,http://www.huim.com
624,http://www.hujiang.com
625,http://www.hulu.com
626,http://www.hunantv.com
627,http://www.huomao.com
628,http://www.hupu.com
629,http://www.hurra.com
630,http://www.hurriyet.com.tr/
631,http://www.hust.edu.cn
633,http://www.huxiu.com
634,http://www.hyves.nl/
635,http://www.ibaotu.com
637,http://www.ibm.com
638,http://www.icbc.com.cn
639,http://www.iciba.com
641,http://www.iconfont.cn
642,http://www.icourse163.org
643,http://www.icq.com
644,http://www.ieaddons.com
645,http://www.iefxz.com
646,http://www.ifanr.com
647,http://www.ifeng.com
649,http://www.ifensi.com
650,http://www.ig.com.br/
651,http://www.ign.com
652,http://www.ih5.cn
653,http://www.ikea.com
654,http://www.iliangcang.com
655,http://www.ilike.com
656,http://www.imagebam.com
657,http://www.imageshack.us/
658,http://www.imagevenue.com
659,http://www.imdb.com
660,http://www.iminent.com
661,http://www.immobilienscout24.de/
662,http://www.imooc.com
663,http://www.impress.co.jp/
664,http://www.imvu.com
665,http://www.in.com
666,http://www.incredimail.com
667,http://www.indeed.com
668,http://www.indiatimes.com
669,http://www.ineedfile.com
670,http://www.information.com
671,http://www.informer.com
672,http://www.informharry.com
673,http://www.infoseek.co.jp/
674,http://www.infospace.com
675,http://www.inowdownload.com
676,http://www.intel.com
677,http://www.intelius.com
678,http://www.interia.pl/
679,http://www.interpark.com
680,http://www.intuit.com
681,http://www.ioage.com
683,http://www.ip138.com
684,http://www.iplaysoft.com
685,http://www.iqiyi.com
686,http://www.irctc.co.in/
687,http://www.irs.gov/
688,http://www.ishuhui.com
690,http://www.istockphoto.com
691,http://www.it168.com
693,http://www.iteye.com
694,http://www.ithome.com
695,http://www.itmedia.co.jp/
696,http://www.iyiou.com
697,http://www.iza.ne.jp/
698,http://www.izlesene.com
699,http://www.jal.co.jp/
700,http://www.jalan.net/
701,http://www.jandan.net
702,http://www.japanpost.jp/
703,http://www.java.com
704,http://www.jc35.com
705,http://www.jcpenney.com
706,http://www.jd.com
707,http://www.jdpay.com
708,http://www.jdzj.com
709,http://www.jia360.com
710,http://www.jia400.com
711,http://www.jiameng.com
712,http://www.jianshu.com
713,http://www.jiayuan.com
714,http://www.jiayuan.com
715,http://www.jiemian.com
716,http://www.jiji.com
717,http://www.jikexueyuan.com
718,http://www.jinshuju.net
719,http://www.jiwu.com
720,http://www.jiyoujia.com
721,http://www.jjwxc.net
722,http://www.jmw.com.cn
723,http://www.joins.com
724,http://www.joy.cn/
725,http://www.jqw.com
727,http://www.jrj.com.cn/
728,http://www.jsoftj.com
729,http://www.jstor.org/
730,http://www.ju51.com
731,http://www.juchang.com
732,http://www.juegos.com
733,http://www.jugem.jp/
734,http://www.justin.tv/
735,http://www.juzimi.com
736,http://www.k618.cn
737,http://www.kafan.cn
738,http://www.kaixin.com
739,http://www.kaixin001.com
741,http://www.kakaku.com
742,http://www.kancloud.cn
743,http://www.kanzhun.com
744,http://www.kaola.com
745,http://www.kapook.com
746,http://www.kaskus.us/
747,http://www.kaspersky.com
748,http://www.kayak.com
749,http://www.kbs.co.kr/
750,http://www.kdnet.net
751,http://www.kdslife.com
752,http://www.kijiji.ca/
753,http://www.king.com
754,http://www.kioskea.net/
755,http://www.kmf.com
756,http://www.kohls.com
757,http://www.kompas.com
758,http://www.kongfz.com
759,http://www.koolearn.com
760,http://www.koolshare.cn
761,http://www.kooora.com
762,http://www.koubei.com
763,http://www.kp.ru/
764,http://www.ku6.com
765,http://www.kuaidi100.com
767,http://www.kugou.com
768,http://www.kuronekoyamato.co.jp/
769,http://www.kuwo.cn
771,http://www.lagou.com
772,http://www.laredoute.fr/
773,http://www.last.fm/
774,http://www.lastminute.com
775,http://www.latimes.com
776,http://www.lbldy.com
777,http://www.le.com
778,http://www.leboncoin.fr/
779,http://www.legacy.com
780,http://www.leiphone.com
781,http://www.lenovo.com.cn
782,http://www.letitbit.net/
783,http://www.letv.com
784,http://www.lianjia.com
785,http://www.liansuo.com
786,http://www.liaoxuefeng.com
787,http://www.libero.it/
788,http://www.liepin.com
789,http://www.lieqinews.com
790,http://www.limewire.com
791,http://www.linekong.com
792,http://www.linkedin.com
793,http://www.linkhaitao.com
794,http://www.linkstars.com
795,http://www.linternaute.com
796,http://www.linuxidc.com
797,http://www.liqu.com
798,http://www.liqucn.com
799,http://www.liutilities.com
800,http://www.live.com
801,http://www.livedoor.com
802,http://www.livedoor.jp/
803,http://www.liveinternet.ru/
804,http://www.livejournal.com
805,http://www.liveperson.net/
806,http://www.livescore.com
807,http://www.local.com
808,http://www.lofter.com
809,http://www.logmein.com
810,http://www.lowes.com
811,http://www.lyrics007.com
812,http://www.lyricsmode.com
813,http://www.m1905.com
814,http://www.macromedia.com
815,http://www.macys.com
816,http://www.made-in-china.com
817,http://www.made-in-china.com
818,http://www.mafengwo.cn
819,http://www.mafiawars.com
820,http://www.mahalo.com
821,http://www.mail.ru/
822,http://www.mainichi.jp/
823,http://www.maktoob.com
824,http://www.mama.cn
825,http://www.manta.com
826,http://www.mapbar.com
827,http://www.mapion.co.jp/
828,http://www.mapquest.com
829,http://www.marca.com
830,http://www.marketgid.com
831,http://www.marketwatch.com
832,http://www.marktplaats.nl/
833,http://www.marriott.com
834,http://www.mashable.com
835,http://www.match.com
836,http://www.mayoclinic.com
837,http://www.mcafee.com
838,http://www.mcssl.com
839,http://www.mdinfo.com
840,http://www.me.com
841,http://www.mebook.cc
842,http://www.mediafire.com
843,http://www.medicinenet.com
844,http://www.medsci.cn
845,http://www.meebo.com
846,http://www.megaupload.com
847,http://www.megavideo.com
848,http://www.meinvz.net/
849,http://www.meituan.com
850,http://www.meizu.com
851,http://www.mercadolibre.com.ar/
852,http://www.mercadolibre.com.mx/
853,http://www.mercadolivre.com.br/
854,http://www.merchantcircle.com
855,http://www.merriam-webster.com
856,http://www.metacafe.com
857,http://www.metroflog.com
858,http://www.metrolyrics.com
859,http://www.mi.com
860,http://www.miaopai.com
861,http://www.microsoft.com
862,http://www.microsoftonline.cn
863,http://www.microsofttranslator.com
864,http://www.miercn.com
865,http://www.miniclip.com
866,http://www.miui.com
867,http://www.mixi.jp/
868,http://www.mizuhobank.co.jp/
869,http://www.mk.co.kr/
870,http://www.mlb.com
871,http://www.mobile.de/
872,http://www.mobile01.com
873,http://www.modernweekly.com
874,http://www.monografias.com
875,http://www.monster.com
876,http://www.mop.com
877,http://www.morningpost.com.cn
878,http://www.movies-links.tv/
879,http://www.mozdev.org/
880,http://www.mozilla.com
881,http://www.mozilla.org
882,http://www.mozilla.org/
883,http://www.mozilla-europe.org/
884,http://www.mp3raid.com
885,http://www.mpnrs.com
886,http://www.msn.com
887,http://www.msn.com.cn/
888,http://www.mt.co.kr/
889,http://www.mthai.com
890,http://www.mtime.com
891,http://www.mtv.com
892,http://www.mufg.jp/
893,http://www.multiply.com
894,http://www.mundoanuncio.com
895,http://www.musica.com
896,http://www.mxhichina.com
897,http://www.mycom.co.jp/
898,http://www.mydigit.cn
899,http://www.mydrivers.com
900,http://www.mylife.com
901,http://www.mynet.com
902,http://www.myspace.com
903,http://www.myvideo.de/
904,http://www.mywebsearch.com
905,http://www.myzaker.com
906,http://www.naqigs.com
907,http://www.narod.ru/
908,http://www.nasa.gov/
909,http://www.nasza-klasa.pl/
910,http://www.nate.com
911,http://www.nationalgeographic.com
912,http://www.national-lottery.co.uk/
913,http://www.naver.com
914,http://www.nba.com
915,http://www.netcoc.com
916,http://www.netease.com
917,http://www.netflix.com
918,http://www.netlog.com
919,http://www.newegg.com
920,http://www.newgrounds.com
921,http://www.newhua.com
922,http://www.news.cn/
923,http://www.news18a.com
924,http://www.newsmth.net
925,http://www.nextag.com
926,http://www.nfl.com
927,http://www.nga.cn
928,http://www.ngacn.cc
929,http://www.nhaccuatui.com
930,http://www.nhk.or.jp/
931,http://www.nhl.com
932,http://www.nick.com
933,http://www.nicovideo.jp/
934,http://www.nifty.com
935,http://www.nih.gov/
936,http://www.nike.com
937,http://www.nikkansports.com
938,http://www.nikkei.co.jp/
939,http://www.nikkei.com
940,http://www.nikkeibp.co.jp/
941,http://www.ninemsn.com.au/
942,http://www.ning.com
943,http://www.nipic.com
944,http://www.nokia.com
945,http://www.norton.com
946,http://www.novoteka.ru/
947,http://www.nowcoder.com
948,http://www.nowdownloadall.com
949,http://www.nttdocomo.co.jp/
950,http://www.ntv.co.jp/
951,http://www.nuomi.com
952,http://www.nydailynews.com
953,http://www.nytimes.com
954,http://www.oa.com
955,http://www.oadz.com
956,http://www.ocn.ne.jp/
957,http://www.ocnk.net/
958,http://www.odnoklassniki.ru/
959,http://www.oeeee.com
960,http://www.okwave.jp/
961,http://www.onemanga.com
962,http://www.oneplusbbs.com
963,http://www.onet.pl/
964,http://www.online.sh.cn
965,http://www.onlinedown.net
966,http://www.onlinedown.net/
967,http://www.ooopic.com
968,http://www.opendns.com
969,http://www.openoffice.org/
970,http://www.openv.com
971,http://www.opera.com
972,http://www.optmd.com
973,http://www.orange.fr/
974,http://www.orbitz.com
975,http://www.oricon.co.jp/
976,http://www.orkut.com
977,http://www.oschina.net
978,http://www.otto.de/
979,http://www.ourtoolbar.com
980,http://www.over-blog.com
981,http://www.overstock.com
982,http://www.overture.com
983,http://www.ovguide.com
984,http://www.ovi.com
985,http://www.ow.ly/
986,http://www.oyunlar1.com
987,http://www.pagesjaunes.fr/
988,http://www.paipai.com
989,http://www.panasonic.jp/
990,http://www.panda.tv
991,http://www.pandora.com
992,http://www.pandora.tv/
993,http://www.panduoduo.net
994,http://www.pansoso.com
995,http://www.paopaoche.net
996,http://www.paran.com
997,http://www.partypoker.com
998,http://www.partypoker.it/
999,http://www.passport.net/
1000,http://www.paypal.com
1001,http://www.pc6.com
1003,http://www.pcauto.com.cn/
1004,http://www.pcbaby.com.cn
1006,http://www.pcgames.com.cn/
1007,http://www.pchome.com.tw/
1008,http://www.pchome.net/
1009,http://www.pclady.com.cn/
1011,http://www.pconline.com.cn/
1012,http://www.pcpop.com
1013,http://www.pctools.com
1014,http://www.pcworld.com
1015,http://www.pdfqueen.com
1016,http://www.peeplo.com
1017,http://www.people.com
1019,http://www.people.com.cn/
1020,http://www.photobucket.com
1021,http://www.photofans.cn
1022,http://www.php.net/
1023,http://www.picktorrent.com
1024,http://www.picnik.com
1025,http://www.pinduoduo.com
1026,http://www.pinggu.org
1027,http://www.piriform.com
1028,http://www.pixmania.com
1029,http://www.pixnet.net/
1030,http://www.pkr.com
1031,http://www.pku.edu.cn
1032,http://www.plala.or.jp/
1033,http://www.playstation.com
1034,http://www.playsushi.com
1035,http://www.pogo.com
1036,http://www.pomoho.com
1037,http://www.popeater.com
1038,http://www.pplive.com
1039,http://www.pps.tv/
1041,http://www.pptv.com
1042,http://www.pricegrabber.com
1043,http://www.priceline.com
1044,http://www.priceminister.com
1045,http://www.processon.com
1046,http://www.programas-gratis.net/
1047,http://www.pronto.com
1048,http://www.qcloud.com
1049,http://www.qianlong.com
1050,http://www.qichacha.com
1052,http://www.qidian.com
1053,http://www.qihoo.com
1054,http://www.qiku.com
1056,http://www.qingdaonews.com
1057,http://www.qiniu.com
1058,http://www.qip.ru/
1059,http://www.qj.com.cn
1061,http://www.qq.com
1062,http://www.qq163.com
1063,http://www.qqtn.com
1064,http://www.quanmin.tv
1065,http://www.qunar.com
1067,http://www.qyer.com
1068,http://www.radikal.ru/
1069,http://www.rakuten.co.jp/
1070,http://www.rakuten.ne.jp/
1071,http://www.rambler.ru/
1072,http://www.rapid4me.com
1073,http://www.rapid-downloads.com
1074,http://www.rapidshare.com
1075,http://www.rayfile.com
1076,http://www.rayli.com.cn/
1077,http://www.rbc.ru/
1078,http://www.readnovel.com
1079,http://www.real.com
1080,http://www.realtor.com
1081,http://www.rediff.com
1082,http://www.rednet.cn
1083,http://www.redtram.com
1084,http://www.reference.com
1086,http://www.renren.com
1087,http://www.repubblica.it/
1088,http://www.reuters.com
1089,http://www.reverso.net/
1090,http://www.rian.ru/
1091,http://www.right.com.cn
1092,http://www.rincondelvago.com
1093,http://www.ringtonematcher.com
1094,http://www.rising.com.cn/
1095,http://www.robtex.com
1096,http://www.rockyou.com
1097,http://www.rr.com
1098,http://www.rtl.de/
1099,http://www.runoob.com
1100,http://www.rutracker.org/
1101,http://www.rutube.ru/
1102,http://www.ryanair.com
1103,http://www.saic.gov.cn
1104,http://www.sakura.ne.jp/
1105,http://www.samsung.com
1106,http://www.sanguosha.com
1107,http://www.sanook.com
1108,http://www.sanspo.com
1109,http://www.sapo.pt/
1110,http://www.saraba1st.com
1111,http://www.sbs.co.kr/
1112,http://www.schuelervz.net/
1113,http://www.sciencedirect.com
1114,http://www.sciencenet.cn
1115,http://www.scol.com.cn
1116,http://www.scribd.com
1117,http://www.sdo.com
1118,http://www.searchignite.com
1119,http://www.sears.com
1120,http://www.seesaa.net/
1121,http://www.segmentfault.com
1122,http://www.sendspace.com
1123,http://www.seoul.co.kr/
1124,http://www.serving-sys.com
1125,http://www.seznam.cz/
1126,http://www.sf-express.com
1127,http://www.sfr.fr/
1128,http://www.shanbay.com
1129,http://www.shangc.net
1130,http://www.shangc.net
1131,http://www.shangdu.com
1132,http://www.shimo.im
1133,http://www.shinobi.jp/
1134,http://www.shoplocal.com
1135,http://www.shopping.com
1136,http://www.shop-pro.jp/
1137,http://www.shumenol.com
1138,http://www.shvoong.com
1140,http://www.sina.com
1141,http://www.sina.com.cn/
1142,http://www.sinaimg.cn
1143,http://www.sing365.com
1144,http://www.sjtu.edu.cn
1145,http://www.sky.com
1146,http://www.skycn.com
1147,http://www.skype.com
1148,http://www.skyrock.com
1149,http://www.slide.com
1150,http://www.slideshare.net/
1151,http://www.smarter.co.jp/
1152,http://www.smartisan.com
1153,http://www.smzdm.com
1154,http://www.so.com
1155,http://www.softonic.com
1156,http://www.softpedia.com
1158,http://www.sogou.com
1159,http://www.sohu.com
1160,http://www.sohu.com
1161,http://www.so-net.ne.jp/
1162,http://www.songs.pk/
1163,http://www.sonhoo.com
1164,http://www.sonico.com
1165,http://www.sonyericsson.com
1167,http://www.soso.com
1168,http://www.soufun.com
1169,http://www.sourceforge.net/
1170,http://www.southcn.com
1171,http://www.southwest.com
1172,http://www.sparkstudios.com
1173,http://www.speedtest.net/
1174,http://www.spiegel.de/
1175,http://www.sponichi.co.jp/
1176,http://www.springer.com
1177,http://www.springerlink.com
1178,http://www.sprint.com
1179,http://www.squidoo.com
1180,http://www.sspai.com
1181,http://www.stackoverflow.com
1182,http://www.staples.com
1183,http://www.stayfriends.de/
1184,http://www.steamcn.com
1185,http://www.stockstar.com
1186,http://www.studivz.net/
1187,http://www.stumbleupon.com
1188,http://www.suite101.com
1189,http://www.sun.com
1190,http://www.suning.com
1191,http://www.superpages.com
1192,http://www.surveymonkey.com
1193,http://www.sweetim.com
1194,http://www.symantec.com
1195,http://www.symantecstore.com
1196,http://www.sznews.com
1197,http://www.t.cn
1198,http://www.tabelog.com
1199,http://www.tagged.com
1200,http://www.taleo.net/
1202,http://www.taobao.com
1204,http://www.tapd.cn
1205,http://www.taptap.com
1206,http://www.target.com
1207,http://www.taringa.net/
1208,http://www.tbs.co.jp/
1209,http://www.te3p.com
1210,http://www.teacup.com
1211,http://www.teambition.com
1212,http://www.techcrunch.com
1213,http://www.techweb.com.cn
1214,http://www.telegraph.co.uk/
1215,http://www.tencent.com
1216,http://www.tenpay.com
1217,http://www.terra.com.br/
1218,http://www.tesco.com
1219,http://www.tf1.fr/
1220,http://www.tgbus.com
1222,http://www.tgfcer.com
1223,http://www.the2009.cn/
1224,http://www.thefind.com
1225,http://www.thefreedictionary.com
1226,http://www.thepaper.cn
1227,http://www.thepiratebay.org/
1228,http://www.thesaurus.com
1229,http://www.thesun.co.uk/
1230,http://www.tiancity.com
1231,http://www.tianqi.com
1233,http://www.tianya.cn/
1234,http://www.tianyancha.com
1235,http://www.ticketmaster.com
1236,http://www.tiexue.net/
1237,http://www.time.com
1238,http://www.timeanddate.com
1239,http://www.timesonline.co.uk/
1240,http://www.tinypic.com
1241,http://www.tinyurl.com
1242,http://www.tiscali.it/
1243,http://www.tistory.com
1244,http://www.tmall.com
1245,http://www.t-mobile.com
1246,http://www.tmtpost.com
1247,http://www.tmz.com
1248,http://www.to8to.com
1249,http://www.tom.com
1250,http://www.tongtool.com
1251,http://www.t-online.de/
1252,http://www.toocle.com
1253,http://www.top100.cn/
1254,http://www.topshareware.com
1255,http://www.torrentdownloads.net/
1256,http://www.torrentreactor.net/
1257,http://www.torrentz.com
1258,http://www.toutiao.com
1259,http://www.tower.im
1260,http://www.toysrus.com
1261,http://www.travelocity.com
1262,http://www.travelzoo.com
1263,http://www.traviangames.com
1264,http://www.tripadvisor.com
1265,http://www.tripod.com
1266,http://www.tsinghua.edu.cn
1267,http://www.tu.tv/
1268,http://www.tudou.com
1270,http://www.tuenti.com
1271,http://www.tumblr.com
1273,http://www.tuniu.com
1274,http://www.tv.com
1275,http://www.tvhome.com
1276,http://www.tvmao.com
1277,http://www.tweetmeme.com
1278,http://www.tweetphoto.com
1279,http://www.twitpic.com
1280,http://www.twitter.com
1281,http://www.typepad.com
1282,http://www.uc.cn
1283,http://www.ucoz.ru/
1284,http://www.udn.com
1285,http://www.ukr.net/
1286,http://www.ule.com
1287,http://www.ultimate-guitar.com
1288,http://www.umeng.com
1289,http://www.uniblue.com
1290,http://www.unionsky.cn/
1291,http://www.univision.com
1292,http://www.unkar.org/
1293,http://www.unlimited-downloads.biz/
1294,http://www.unrealengine.com
1295,http://www.uol.com.br/
1296,http://www.uploaded.to/
1297,http://www.uploading.com
1298,http://www.ups.com
1299,http://www.urbandictionary.com
1300,http://www.usagc.org/
1301,http://www.usatoday.com
1302,http://www.usenet.nl/
1303,http://www.usgs.gov/
1304,http://www.usps.com
1305,http://www.ustream.tv/
1306,http://www.utorrent.com
1307,http://www.uuu9.com
1308,http://www.v2ex.com
1309,http://www.vancl.com
1310,http://www.vatgia.com
1311,http://www.vdisk.cn/
1312,http://www.vector.co.jp/
1313,http://www.vente-privee.com
1314,http://www.veoh.com
1315,http://www.verizon.com
1316,http://www.verizon.net/
1317,http://www.verizonwireless.com
1318,http://www.vertor.com
1320,http://www.verycd.com
1321,http://www.vgtime.com
1322,http://www.victoriassecret.com
1323,http://www.vietbao.vn/
1324,http://www.vimeo.com
1325,http://www.vip.com
1326,http://www.virgilio.it/
1327,http://www.virginmedia.com
1328,http://www.vk.com
1329,http://www.vkontakte.ru/
1330,http://www.vmall.com
1331,http://www.vnet.cn/
1332,http://www.vnexpress.net/
1333,http://www.vvvdj.com
1334,http://www.vzw.com
1335,http://www.w3.org/
1336,http://www.w3school.com.cn
1337,http://www.w3schools.com
1338,http://www.wachovia.com
1339,http://www.walkerplus.com
1340,http://www.wallstreetcn.com
1341,http://www.walmart.com
1343,http://www.wanfangdata.com.cn/
1344,http://www.wangdaidongfang.com
1345,http://www.wareseeker.com
1346,http://www.washingtonpost.com
1347,http://www.wauee.com
1348,http://www.weather.com
1350,http://www.weather.com.cn/
1351,http://www.web.de/
1352,http://www.webcrawler.com
1353,http://www.webgame.com.cn/
1354,http://www.webgame188.com
1355,http://www.weblio.jp/
1356,http://www.webmd.com
1357,http://www.webs.com
1358,http://www.webshots.com
1359,http://www.wechat.com
1360,http://www.weibo.cn
1361,http://www.weibo.com
1362,http://www.weidian.com
1363,http://www.weiyun.com
1364,http://www.wellsfargo.com
1365,http://www.wer-kennt-wen.de/
1366,http://www.wetter.com
1367,http://www.whitepages.com
1368,http://www.wikia.com
1369,http://www.wikihow.com
1370,http://www.wikimapia.org/
1371,http://www.wikimedia.org/
1372,http://www.wikipedia.org/
1373,http://www.wiktionary.org/
1374,http://www.wiley.com
1375,http://www.win007.com
1376,http://www.winamp.com
1377,http://www.windows.com
1378,http://www.windowslive.com
1379,http://www.windowslivehelp.com
1380,http://www.windowsmedia.com
1381,http://www.winshang.com
1382,http://www.winzip.com
1383,http://www.wired.com
1384,http://www.wisegeek.com
1385,http://www.with2.net/
1386,http://www.wjx.cn
1387,http://www.wordpress.com
1388,http://www.wordpress.org/
1389,http://www.wordreference.com
1390,http://www.worldstarhiphop.com
1391,http://www.woshipm.com
1392,http://www.wp.pl/
1393,http://www.wretch.cc/
1394,http://www.wrzuta.pl/
1395,http://www.wsj.com
1396,http://www.wto168.net
1397,http://www.wtoip.com
1398,http://www.wunderground.com
1399,http://www.www.gov.cn
1400,http://www.xabbs.com
1401,http://www.xbox.com
1402,http://www.xcar.com.cn/
1403,http://www.xdf.cn
1404,http://www.xe.com
1405,http://www.xiachufang.com
1406,http://www.xiami.com
1407,http://www.xiaohongshu.com
1408,http://www.xiaoman.cn
1409,http://www.xiaomi.cn
1410,http://www.xiaomi.com
1411,http://www.xiaonei.com
1412,http://www.xici.net/
1413,http://www.ximalaya.com
1414,http://www.xing.com
1416,http://www.xinhuanet.com
1417,http://www.xinmin.cn/
1418,http://www.xitek.com
1419,http://www.xiumi.us
1420,http://www.xmarks.com
1421,http://www.xorg.pl/
1422,http://www.xrea.com
1423,http://www.xs8.cn/
1424,http://www.xtendmedia.com
1425,http://www.xtx6.com
1426,http://www.xueqiu.com
1427,http://www.xuite.net/
1428,http://www.xunlei.com
1429,http://www.xywy.com
1430,http://www.y8.com
1431,http://www.ya.ru/
1432,http://www.yahoo.co.jp/
1433,http://www.yahoo.com
1434,http://www.yahoo.com.tw/
1435,http://www.yahoo.net/
1436,http://www.yahooapis.com
1437,http://www.yam.com
1438,http://www.yandex.ru/
1439,http://www.yandex.ua/
1440,http://www.yaplog.jp/
1441,http://www.yellowpages.com
1442,http://www.yelp.com
1444,http://www.yesky.com
1445,http://www.yfrog.com
1446,http://www.yhd.com
1447,http://www.yinxiang.com
1448,http://www.yinyuetai.com
1449,http://www.yiwugou.com
1451,http://www.ynet.com
1452,http://www.yoka.com
1453,http://www.yomiuri.co.jp/
1455,http://www.youdao.com
1456,http://www.youku.com
1458,http://www.youth.cn
1459,http://www.youtube.com
1460,http://www.youzan.com
1461,http://www.yxdown.com
1462,http://www.yy.com
1463,http://www.zaobao.com
1464,http://www.zappos.com
1465,http://www.zaycev.net/
1466,http://www.zbj.com
1467,http://www.zcool.com.cn
1468,http://www.zdface.com
1469,http://www.zdfans.com
1470,http://www.zdnet.com
1471,http://www.zedo.com
1472,http://www.zhan.com
1473,http://www.zhanqi.tv
1475,http://www.zhaopin.com
1476,http://www.zhcw.com
1477,http://www.zhcw.com
1478,http://www.zhibo8.cc
1479,http://www.zhiding.cn
1480,http://www.zhihu.com
1481,http://www.ziddu.com
1482,http://www.zillow.com
1483,http://www.zimbio.com
1484,http://www.zing.vn/
1486,http://www.zjol.com.cn/
1487,http://www.zju.edu.cn
1489,http://www.zol.com.cn/
1490,http://www.zoosk.com
1491,http://www.zshare.net/
1492,http://www.zuanke8.com
1493,http://www.zybang.com
1494,http://www.zylom.com
1495,http://www.zynga.com
