rank,link
1,http://www.baidu.com
2,http://www.qq.com
3,http://www.tmall.com
4,http://www.taobao.com
5,http://www.sohu.com
6,http://www.jd.com
7,http://www.weibo.com
8,http://www.sina.com.cn
9,http://www.360.cn
10,http://www.csdn.net
11,http://www.alipay.com
12,http://www.bilibili.com
13,http://www.xinhuanet.com
14,http://www.tianya.cn
15,http://www.soso.com
16,http://www.hao123.com
17,http://www.so.com
18,http://www.babytree.com
19,http://www.panda.tv
20,http://www.zhihu.com
21,http://www.google.cn
22,http://www.iqiyi.com
23,http://www.bing.com
24,http://www.zhanqi.tv
25,http://www.1688.com
26,http://www.cnblogs.com
27,http://www.china.com.cn
28,http://www.caijing.com.cn
29,http://www.sogou.com
30,http://www.people.com.cn
31,http://www.huanqiu.com
32,http://www.163.com
33,http://www.douban.com
34,http://www.rednet.cn
35,http://www.ci123.com
36,http://www.aliyun.com
37,http://www.yy.com
38,http://www.mama.cn
39,http://www.youdao.com
40,http://www.douyu.com
41,http://www.chinadaily.com.cn
42,http://www.amazon.cn
43,http://www.baike.com
44,http://www.jianshu.com
45,http://www.51sole.com
46,http://www.jrj.com.cn
47,http://www.17ok.com
48,http://www.youth.cn
49,http://www.ifeng.com
50,http://www.oeeee.com
51,http://www.3dmgame.com
52,http://www.cqnews.net
53,http://www.huaban.com
54,http://www.gome.com.cn
55,http://www.zol.com.cn
56,http://www.6.cn
57,http://www.gamersky.com
58,http://www.cdstm.cn
59,http://www.wtoip.com
60,http://www.toutiao.com
61,http://www.nga.cn
62,http://www.huya.com
63,http://www.jiameng.com
64,http://www.58.com
65,http://www.smzdm.com
66,http://www.chinaz.com
67,http://www.alibaba.com
68,http://www.scol.com.cn
69,http://www.admaimai.com
70,http://www.jqw.com
71,http://www.cnzz.com
72,http://www.k618.cn
73,http://www.dianping.com
74,http://www.alicdn.com
75,http://www.hupu.com
76,http://www.126.com
77,http://www.xiami.com
78,http://www.360doc.com
79,http://www.runoob.com
80,http://www.jb51.net
81,http://www.cnbeta.com
82,http://www.oschina.net
83,http://www.segmentfault.com
84,http://www.178.com
85,http://www.mydrivers.com
86,http://www.ali213.net
87,http://www.feng.com
88,http://www.mi.com
89,http://www.tencent.com
90,http://www.chiphell.com
91,http://www.mozilla.org
92,http://www.4399.com
93,http://www.cnki.net
94,http://www.zhibo8.cc
95,http://www.jmw.com.cn
96,http://www.51.la
97,http://www.51cto.com
98,http://www.firefoxchina.cn
99,http://www.weibo.cn
100,http://www.52pojie.cn
101,http://www.dangdang.com
102,http://www.chsi.com.cn
103,http://www.ctrip.com
104,http://www.w3school.com.cn
105,http://www.familydoctor.com.cn
106,http://www.bzw315.com
107,http://www.autohome.com.cn
108,http://www.ithome.com
109,http://www.qj.com.cn
110,http://www.yxdown.com
111,http://www.umeng.com
112,http://www.vmall.com
113,http://www.pptv.com
114,http://www.jjwxc.net
115,http://www.anjuke.com
116,http://www.boc.cn
117,http://www.it168.com
118,http://www.sina.cn
119,http://www.xunlei.com
120,http://www.hexun.com
121,http://www.114la.com
122,http://www.shimo.im
123,http://www.qihoo.com
124,http://www.pc6.com
125,http://www.dmzj.com
126,http://www.sjtu.edu.cn
127,http://www.miui.com
128,http://www.36kr.com
129,http://www.focus.cn
130,http://www.docin.com
131,http://www.cnnic.cn
132,http://www.duowan.com
133,http://www.newsmth.net
134,http://www.jiwu.com
135,http://www.acfun.cn
136,http://www.a9vg.com
137,http://www.17173.com
138,http://www.mtime.com
139,http://www.meituan.com
140,http://www.99114.com
141,http://www.nipic.com
142,http://www.pku.edu.cn
143,http://www.hujiang.com
144,http://www.springer.com
145,http://www.jandan.net
146,http://www.sf-express.com
147,http://www.588ku.com
148,http://www.saraba1st.com
149,http://www.miaopai.com
150,http://www.onlinedown.net
151,http://www.360.com
152,http://www.xdf.cn
153,http://www.mafengwo.cn
154,http://www.alimama.com
155,http://www.3158.cn
156,http://www.hjenglish.com
157,http://www.cncn.org.cn
158,http://www.tudou.com
159,http://www.tgbus.com
160,http://www.qidian.com
161,http://www.imooc.com
162,http://www.fudan.edu.cn
163,http://www.2345.com
164,http://www.doc88.com
165,http://www.fang.com
166,http://www.ea3w.com
167,http://www.iyiou.com
168,http://www.sznews.com
169,http://www.pconline.com.cn
170,http://www.qyer.com
171,http://www.guancha.cn
172,http://www.ctfile.com
173,http://www.xitek.com
174,http://www.liepin.com
175,http://www.zhiding.cn
176,http://www.autotimes.com.cn
177,http://www.58pic.com
178,http://www.81.cn
179,http://www.suning.com
180,http://www.yinxiang.com
181,http://www.renren.com
182,http://www.yinyuetai.com
183,http://www.miercn.com
184,http://www.eastmoney.com
185,http://www.yesky.com
186,http://www.ih5.cn
187,http://www.lofter.com
188,http://www.haofang.net
189,http://www.oa.com
190,http://www.ximalaya.com
191,http://www.pcbaby.com.cn
192,http://www.51job.com
193,http://www.lianjia.com
194,http://www.efu.com.cn
195,http://www.sinaimg.cn
196,http://www.southcn.com
197,http://www.sspai.com
198,http://www.17track.net
199,http://www.to8to.com
200,http://www.hao245.com
201,http://www.cctv.com
202,http://www.kugou.com
203,http://www.www.gov.cn
204,http://www.fobshanghai.com
205,http://www.huxiu.com
206,http://www.ooopic.com
207,http://www.xiaomi.com
208,http://www.sciencenet.cn
209,http://www.cr173.com
210,http://www.thepaper.cn
211,http://www.baiducontent.com
212,http://www.cpic.com.cn
213,http://www.jstv.com
214,http://www.panduoduo.net
215,http://www.guokr.com
216,http://www.bytedance.net
217,http://www.gusuwang.com
218,http://www.cyol.com
219,http://www.cmbchina.com
220,http://www.photofans.cn
221,http://www.ceconline.com
222,http://www.aizhan.com
223,http://www.dilidili.wang
224,http://www.battlenet.com.cn
225,http://www.weather.com.cn
226,http://www.steamcn.com
227,http://www.liansuo.com
228,http://www.kdslife.com
229,http://www.gfan.com
230,http://www.mydigit.cn
231,http://www.pinggu.org
232,http://www.ifanr.com
233,http://www.wanfangdata.com.cn
234,http://www.cn163.net
235,http://www.coursera.org
236,http://www.12306.cn
237,http://www.zhcw.com
238,http://www.iciba.com
239,http://www.sonhoo.com
240,http://www.ip138.com
241,http://www.ip138.com
242,http://www.wallstreetcn.com
243,http://www.house365.com
244,http://www.tuniu.com
245,http://www.winshang.com
246,http://www.10010.com
247,http://www.evolife.cn
248,http://www.qunar.com
249,http://www.xiaomi.cn
250,http://www.xiachufang.com
251,http://www.csair.com
252,http://www.gongchang.com
253,http://www.dxy.cn
254,http://www.qcloud.com
255,http://www.weiyun.com
256,http://www.ccb.com
257,http://www.chengdu.cn
258,http://www.qichacha.com
259,http://www.ems.com.cn
260,http://www.banma.com
261,http://www.youzan.com
262,http://www.zju.edu.cn
263,http://www.10086.cn
264,http://www.189.cn
265,http://www.yiwugou.com
266,http://www.52pk.com
267,http://www.dv37.com
268,http://www.dapenti.com
269,http://www.win007.com
270,http://www.g-fox.cn
271,http://www.chinanews.com
272,http://www.vvvdj.com
273,http://www.dayoo.com
274,http://www.amap.com
275,http://www.kuaidi100.com
276,http://www.xueqiu.com
277,http://www.lagou.com
278,http://www.ebrun.com
279,http://www.dingtalk.com
280,http://www.cheaa.com
281,http://www.tower.im
282,http://www.258.com
283,http://www.alibaba-inc.com
284,http://www.iweihai.cn
285,http://www.liqu.com
286,http://www.liaoxuefeng.com
287,http://www.iliangcang.com
288,http://www.kongfz.com
289,http://www.11467.com
290,http://www.babyschool.com.cn
291,http://www.morningpost.com.cn
292,http://www.acs.org
293,http://www.vip.com
294,http://www.lenovo.com.cn
295,http://www.btbtdy.com
296,http://www.uc.cn
297,http://www.ibm.com
298,http://www.netease.com
299,http://www.huijiwiki.com
300,http://www.ctoutiao.com
301,http://www.xabbs.com
302,http://www.pinduoduo.com
303,http://www.9384.com
304,http://www.koolearn.com
305,http://www.sanguosha.com
306,http://www.jia400.com
307,http://www.ganji.com
308,http://www.fliggy.com
309,http://www.9game.cn
310,http://www.hc360.com
311,http://www.stockstar.com
312,http://www.flyertea.com
313,http://www.mebook.cc
314,http://www.ule.com
315,http://www.dict.cn
316,http://www.cntv.cn
317,http://www.right.com.cn
318,http://www.china.cn
319,http://www.iconfont.cn
320,http://www.51credit.com
321,http://www.tsinghua.edu.cn
322,http://www.appinn.com
323,http://www.hrloo.com
324,http://www.6vhao.tv
325,http://www.taptap.com
326,http://www.kuwo.cn
327,http://www.jiayuan.com
328,http://www.feiren.com
329,http://www.zxxk.com
330,http://www.juejin.im
331,http://www.cifnews.com
332,http://www.linkhaitao.com
333,http://www.g-cores.com
334,http://www.gaoqing.la
335,http://www.tmtpost.com
336,http://www.icbc.com.cn
337,http://www.baixing.com
338,http://www.kanzhun.com
339,http://www.worktile.com
340,http://www.duomai.com
341,http://www.nuomi.com
342,http://www.juzimi.com
343,http://www.fengniao.com
344,http://www.zdfans.com
345,http://www.home77.com
346,http://www.findlaw.cn
347,http://www.alitrip.com
348,http://www.eqxiu.com
349,http://www.gao7.com
350,http://www.chaduo.com
351,http://www.dianxiaomi.com
352,http://www.china.com
353,http://www.uisdc.com
354,http://www.huim.com
355,http://www.jiemian.com
356,http://www.weidian.com
357,http://www.zuanke8.com
358,http://www.66law.cn
359,http://www.eee114.com
360,http://www.news18a.com
361,http://www.oneplusbbs.com
362,http://www.sdo.com
363,http://www.cli.im
364,http://www.xiumi.us
365,http://www.bitauto.com
366,http://www.jdpay.com
367,http://www.pcauto.com.cn
368,http://www.115.com
369,http://www.ucas.ac.cn
370,http://www.techweb.com.cn
371,http://www.699pic.com
372,http://www.91jm.com
373,http://www.d1ev.com
374,http://www.2cto.com
375,http://www.chinaunix.net
376,http://www.whu.edu.cn
377,http://www.book118.com
378,http://www.19lou.com
379,http://www.fangdd.com
380,http://www.9ku.com
381,http://www.wechat.com
382,http://www.mxhichina.com
383,http://www.meizu.com
384,http://www.tgfcer.com
385,http://www.shanbay.com
386,http://www.biquge.com.tw
387,http://www.woshipm.com
388,http://www.online.sh.cn
389,http://www.ifensi.com
390,http://www.zhan.com
391,http://www.gitee.com
392,http://www.120ask.com
393,http://www.cn2che.com
394,http://www.paopaoche.net
395,http://www.processon.com
396,http://www.iteye.com
397,http://www.saic.gov.cn
398,http://www.linuxidc.com
399,http://www.cfsbcn.com
400,http://www.d1com.com
401,http://www.unrealengine.com
402,http://www.ccb.com.cn
403,http://www.dgtle.com
404,http://www.ebay.com.hk
405,http://www.qiniu.com
406,http://www.80s.tw
407,http://www.lbldy.com
408,http://www.wangdaidongfang.com
409,http://www.koolshare.cn
410,http://www.chouti.com
411,http://www.ynet.com
412,http://www.icourse163.org
413,http://www.zbj.com
414,http://www.juooo.com
415,http://www.microsoftonline.cn
416,http://www.pcgames.com.cn
417,http://www.zybang.com
418,http://www.66ys.tv
419,http://www.gaoloumi.com
420,http://www.iplaysoft.com
421,http://www.10jqka.com.cn
422,http://www.ruiwen.com
423,http://www.400.cn
424,http://www.313.cn
425,http://www.etest.net.cn
426,http://www.netcoc.com
427,http://www.ca168.com
428,http://www.zealer.com
429,http://www.jiyoujia.com
430,http://www.mgtv.com
431,http://www.smartisan.com
432,http://www.kancloud.cn
433,http://www.cnki.com.cn
434,http://www.5acbd.com
435,http://www.made-in-china.com
436,http://www.linkstars.com
437,http://www.downcc.com
438,http://www.aliyuncs.com
439,http://www.verycd.com
440,http://www.xmu.edu.cn
441,http://www.kmf.com
442,http://www.tvmao.com
443,http://www.cpta.com.cn
444,http://www.xtx6.com
445,http://www.hao6v.com
446,http://www.fzg360.com
447,http://www.9978.cn
448,http://www.manmanbuy.com
449,http://www.365jia.cn
450,http://www.9r.cn
451,http://www.tianqi.com
452,http://www.unity3d.com
453,http://www.mbalib.com
454,http://www.blizzard.cn
455,http://www.jc35.com
456,http://www.xiaoman.cn
457,http://www.cjdby.net
458,http://www.vcg.com
459,http://www.cnwnews.com
460,http://www.jobui.com
461,http://www.neets.cc
462,http://www.chinahr.com
463,http://www.gushiwen.org
464,http://www.95516.com
465,http://www.tapd.cn
466,http://www.tsichuan.com
467,http://www.xidian.edu.cn
468,http://www.ishuhui.com
469,http://www.eccn.com
470,http://www.3d66.com
471,http://www.lamabang.com
472,http://www.zjol.com.cn
473,http://www.yidianzixun.com
474,http://www.zhibo.tv
475,http://www.d1net.com
476,http://www.cnad.com
477,http://www.rarbt.com
478,http://www.cas.cn
479,http://www.dongqiudi.com
480,http://www.tvhome.com
481,http://www.elecfans.com
482,http://www.byr.cn
483,http://www.dzwww.com
484,http://www.zhipin.com
485,http://www.dayanzai.me
486,http://www.hi-pda.com
487,http://www.modernweekly.com
488,http://www.myzaker.com
489,http://www.hlxiang.com
490,http://www.teambition.com
491,http://www.wto168.net
492,http://www.zhiyoo.com
493,http://www.xcar.com.cn
494,http://www.bdimg.com
495,http://www.qdaily.com
496,http://www.duoyi.com
497,http://www.122.gov.cn
498,http://www.famulei.com
499,http://www.chaoxing.com
500,http://www.4px.com
