id,link,label
1,http://www.espdesign.com.au,redirect
2,http://www.iamagameaddict.com,redirect
3,http://www.kalantzis.net,redirect
4,http://www.slightlyoffcenter.net,redirect
5,http://www.tubemoviez.com,redirect
6,http://www.ipl.hk,redirect
7,http://www.pos-kupang.com/,redirect
8,http://www.rupor.info,redirect
9,http://www.officeon.ch.ma/office.js?google_ad_format=728x90_as,redirect
10,http://www.sunlux.net/company/about.html,redirect
11,http://www.outporn.com,redirect
12,http://www.timothycopus.aimoo.com,Trojan
13,http://www.orbowlada.strefa.pl/text396.htm,redirect
14,http://www.ruiyangcn.com,redirect
15,http://www.zkic.com,redirect
16,http://www.cracks.vg/d1.php,redirect
17,http://www.juicypussyclips.com,redirect
18,http://www.nuptialimages.com,redirect
19,http://www.bezproudoff.cz,redirect
20,http://www.ceskarepublika.net,redirect
21,http://www.hotspot.cz,redirect
22,http://www.www.gmcjjh.org/DHL,Trojan
22,http://wwww.gmcjjh.org/DHL,Trojan
23,http://www.nerez-schodiste-zabradli.com,redirect
24,http://www.nordiccountry.cz,redirect
25,http://www.nowina.info,redirect
26,http://www.obada-konstruktiwa.org,redirect
27,http://www.otylkaaotesanek.cz,redirect
28,http://www.pb-webdesign.net,redirect
29,http://www.pension-helene.cz,redirect
30,http://www.podzemi.myotis.info,redirect
31,http://www.smrcek.com,redirect
32,http://www.spekband.com,redirect
33,http://www.worldgymperu.com,redirect
34,http://www.zgsysz.com,redirect
35,http://www.oknarai.ru,redirect
36,http://www.www.realinnovation.com/css/menu.js,redirect
36,http://wwww.realinnovation.com/css/menu.js,redirect
37,http://www.hardcorepornparty.com,redirect
38,http://www.zous.szm.sk,redirect
39,http://www.noveslovo.com,redirect
40,http://www.dimsnetwork.com,redirect
41,http://www.luckyblank.info,redirect
42,http://www.luckyclean.info,redirect
43,http://www.luckyclear.info,redirect
44,http://www.luckyeffect.info,redirect
45,http://www.luckyhalo.info,redirect
46,http://www.luckypure.info,redirect
47,http://www.luckyshine.info,redirect
48,http://www.luckysuccess.info,redirect
49,http://www.luckysure.info,redirect
50,http://www.luckytidy.info,redirect
51,http://www.nudebeachgalleries.net,redirect
52,http://www.buffalogoesout.com,redirect
53,http://www.achren.org,redirect
54,http://www.associatesexports.com,redirect
55,http://www.antalya.ru/links/,redirect
56,http://www.conds.ru,redirect
57,http://www.img001.com/business/qiji.exe,Trojan
58,http://www.unalbilgisayar.com,redirect
59,http://www.www.t-sb.net,redirect
59,http://wwww.t-sb.net,redirect
60,http://www.hanulsms.com,redirect
61,http://www.semengineers.com,redirect
62,http://www.srslogisticts.com,redirect
63,http://www.tendersource.com,redirect
64,http://www.traff1.com/in.cgi?5,Trojan
65,http://www.web-olymp.ru,redirect
66,http://www.oprahsearch.com/scripts/net19.exe,Trojan
67,http://www.somnoy.com,redirect
68,http://www.nadegda-95.ru,redirect
69,http://www.romsigmed.ro,redirect
70,http://www.spatsz.com,redirect
71,http://www.svetyivanrilski.com,redirect
72,http://www.titon.info,redirect
73,http://www.tophostbg.net,redirect
74,http://www.vivaweb.org,redirect
75,http://www.vocational-training.us,redirect
76,http://www.warco.pl,redirect
77,http://www.bde.be,redirect
78,http://www.pwvita.pl,redirect
79,http://www.roks.ua,redirect
80,http://www.skgroup.kiev.ua,redirect
81,http://www.tecnocuer.com,redirect
82,http://www.tk-gregoric.si,redirect
83,http://www.tomalinoalambres.com.ar,redirect
84,http://www.womenslabour.org,redirect
85,http://www.wroclawski.com.pl,redirect
86,http://www.xoomer.alice.it/email02/bom.jpg,Trojan
87,http://www.update.51edm.net/20090728/01.dll,Trojan
88,http://www.update.51edm.net/20090728/01.kdg,Trojan
89,http://www.www.xiruz.kit.net/mola.jpg,Trojan
89,http://wwww.xiruz.kit.net/mola.jpg,Trojan
90,http://www.wfoto.front.ru/fotos.com,Trojan
91,http://www.ska.energia.cz/download/imer.up,Trojan
92,http://www.callingcardsinstantly.com/webalizer/050709wareza/crack=17=keygen=serial.html,redirect
93,http://www.dawnframing.com/webalizer/050709wareza/crack=17=keygen=serial.html,redirect
94,http://www.free-crochet-pattern.com/webalizer/050709wareza/crack=17=keygen=serial.html,redirect
95,http://www.js.tongji.linezing.com/1189582/tongji.js,redirect
96,http://www.adgallery.whitehousedrugpolicy.gov/members/Miley-Cyrus-Nude/default.aspx,Trojan
97,http://www.www.vvvic.com,redirect
98,http://www.www.professionalblackbook.com/,redirect
99,http://www.0koryu0.easter.ne.jp,redirect
100,http://www.www.whitesports.co.kr,redirect
97,http://wwww.vvvic.com,redirect
98,http://wwww.professionalblackbook.com/,redirect
99,http://www.0koryu0.easter.ne.jp,redirect
100,http://wwww.whitesports.co.kr,redirect
101,http://www.typeofmarijuana.com/,redirect
102,http://www.trafficgrowth.com/,redirect
103,http://www.thcvaporizer.com/,redirect
104,http://www.roorbong.com/,redirect
105,http://www.thcextractor.com/,redirect
106,http://www.purethc.com/,redirect
107,http://www.potvaporizer.com/,redirect
108,http://www.portablevaporizer.com/,redirect
109,http://www.cannabispicture.com/,redirect
110,http://www.cannabislyric.com/,redirect
111,http://www.dp-medien.eu,redirect
112,http://www.juedische-kammerphilharmonie.de,redirect
113,http://www.vernoblisk.com,redirect
114,http://www.vural-electronic.com,redirect
115,http://www.www.purplehorses.net/?page=bleach-244-online,redirect
116,http://www.www.wildsap.com/?kkk=bleach-episodes-244,redirect
117,http://www.www.ohiomm.com/?page=bleach-244-vosta,redirect
118,http://www.be-funk.com/?kkk=bleach-244-english-sub,redirect
119,http://www.revistaelite.com/?topic=bleach-244-english-sub,redirect
120,http://www.www.wrestlingexposed.com/faq.php?t=bleach-244-english-sub,redirect
121,http://www.revistaelite.com/?topic=bleach-244-raw,redirect
122,http://www.santacruzsuspension.com/?j=bleach-episode-245,redirect
123,http://www.www.sitepalace.com/w0rmreaper/NoVaC.jpeg,Trojan
124,http://www.downloads-whatsapp.com/whatsapp-for-samsung.php,Trojan
125,http://www.www.rempko.sk/kontakt.htm,redirect
126,http://www.www.secondome.com/sora-margherita/,redirect
115,http://wwww.purplehorses.net/?page=bleach-244-online,redirect
116,http://wwww.wildsap.com/?kkk=bleach-episodes-244,redirect
117,http://wwww.ohiomm.com/?page=bleach-244-vosta,redirect
118,http://www.be-funk.com/?kkk=bleach-244-english-sub,redirect
119,http://www.revistaelite.com/?topic=bleach-244-english-sub,redirect
120,http://wwww.wrestlingexposed.com/faq.php?t=bleach-244-english-sub,redirect
121,http://www.revistaelite.com/?topic=bleach-244-raw,redirect
122,http://www.santacruzsuspension.com/?j=bleach-episode-245,redirect
123,http://wwww.sitepalace.com/w0rmreaper/NoVaC.jpeg,Trojan
124,http://www.downloads-whatsapp.com/whatsapp-for-samsung.php,Trojan
125,http://wwww.rempko.sk/kontakt.htm,redirect
126,http://wwww.secondome.com/sora-margherita/,redirect
127,http://www.a.update.51edm.net/20100223/01.kdg?md5=ab2676ca2190bc21abcba6e5f5b3b2a7,Trojan
128,http://www.vette-porno.nl,redirect
129,http://www.obkom.net.ua/bancodes/rotator.php?place=indexfoot,redirect
130,http://www.blacknite.eu/cracking/Pelite.EXE,Trojan
131,http://www.bargainracks.co.uk/img/common/1x2.gif,Trojan
132,http://www.pokachi.net/,redirect
133,http://www.pride-u-bike.com/2006/09/30/akkymtlator/,redirect
134,http://www.pride-u-bike.com/2007/06/23/s-tolkacha/,redirect
135,http://www.pride-u-bike.com/2007/07/30/doroga-smerti/,redirect
136,http://www.pride-u-bike.com/byzapimoto/,redirect
137,http://www.pride-u-bike.com/motorcycle/suzuki-motorcycle/,redirect
138,http://www.pride-u-bike.com/motorcycle/vozdeniye-motorcycle/,redirect
139,http://www.pride-u-bike.com/sell/honda-steed-400-1996/,redirect
140,http://www.pride-u-bike.com/sell/honda-vfr400r-nc30/,redirect
141,http://www.quotidiennokoue.com/,redirect
142,http://www.quotidiennokoue.com/?cat=5,redirect
143,http://www.quotidiennokoue.com/?p=558,redirect
144,http://www.safety.amw.com/family/ask-john-walsh-how-can-i-tell-if-a-child-has-been-abused/,redirect
145,http://www.safety.amw.com/home/stop-domestic-violence-before-it-starts/,redirect
146,http://www.wmserver.net/sgcg/?page_id=5,redirect
147,http://www.wp9.ru/,redirect
148,http://www.www.sanseracingteam.com/wordpress/,redirect
149,http://www.www.sanseracingteam.com/wordpress/?p=128,redirect
150,http://www.www.sonnoli.com/?page_id=5,redirect
151,http://www.www.stirparts.ru/,redirect
152,http://www.www.tiergestuetzt.de/,redirect
153,http://www.pic.starsarabian.com/,redirect
154,http://www.www.angolotesti.it/J/testi_canzoni_jovanotti_168/testo_canzone_chissa_se_stai_dormendo_9566.html,redirect
148,http://wwww.sanseracingteam.com/wordpress/,redirect
149,http://wwww.sanseracingteam.com/wordpress/?p=128,redirect
150,http://wwww.sonnoli.com/?page_id=5,redirect
151,http://wwww.stirparts.ru/,redirect
152,http://wwww.tiergestuetzt.de/,redirect
153,http://www.pic.starsarabian.com/,redirect
154,http://wwww.angolotesti.it/J/testi_canzoni_jovanotti_168/testo_canzone_chissa_se_stai_dormendo_9566.html,redirect
155,http://www.w612.nb.host127-0-0-1.com/bins/int/kr3_znp.int?fxp=384bd820008ee37f030b3e65bca6e8a1a65beab33574f567a23b0a987ca83e6544e3e645,Trojan
156,http://www.q28840.nb.host127-0-0-1.com/bins/int/tp_map16.int?fxp=5936289861f351e362768cf97e7b45e0648647f26c6d6750fb2298af91238cf9c815a461,Trojan
157,http://www.w4988.nb.host127-0-0-1.com/bins/int/np_pkz.int?affid=NP_0104&fxp=85c26940bd074d9ebe8290842bca496331374b71c3b8806954f77f9,Trojan
158,http://www.z32538.nb.host127-0-0-1.com/bins/int/np_pkz.int?affid=NP_0104&fxp=2ac11c971204a16811817c725e04d68a44f9d4987c472f66eb08d0,Trojan
159,http://www.fgawegwr.chez.com/images/1273471091.exe,Trojan
160,http://www.montezuma.spb.ru/key/72548.htm,Trojan
161,http://www.freeserials.ws/sn/64850.html,Trojan
162,http://www.allxscan.tk/ddt/load.php?f=1&e=4,Trojan
163,http://www.helesouurusa.cjb.com/land/video.php?l=4:52&id=1&n=my_loli2&a=mike&path=./tmb/my_loli2/31.jpg&rat=./img/rating5.jpg&v=61545,Trojan
164,http://www.helesouurusa.cjb.com/land/?n=my_loli2&id=1,Trojan
165,http://www.luwyou.com/photos.php,Trojan
166,http://www.ns2ns1.tk/test/load.php?f=1&e=2,Trojan
167,http://www.textsex.tk/str/load.php?f=1&e=4,Trojan
168,http://www.mbrdot.tk/123/load.php?f=1&e=6,Trojan
169,http://www.sexyster.tk/lo/load.php?f=1&e=6,Trojan
170,http://www.www.gameangel.com/System/html/js/html.js,redirect
171,http://www.vvps.ws/44/mothersdarlingcross.php?,Trojan
172,http://www.beldiplomcom.75.com1.ru/loading.php?spl=mdac,Trojan
173,http://www.www.downloaddirect.com/software/vlc-player/2567,Trojan
170,http://wwww.gameangel.com/System/html/js/html.js,redirect
171,http://www.vvps.ws/44/mothersdarlingcross.php?,Trojan
172,http://www.beldiplomcom.75.com1.ru/loading.php?spl=mdac,Trojan
173,http://wwww.downloaddirect.com/software/vlc-player/2567,Trojan
174,http://www.orkut.krovatka.su/imagem-542454.jpg,Trojan
175,http://www.alissonluis-musico.sites.uol.com.br/mar.jpg,Trojan
176,http://www.seet10.jino.ru,Trojan
177,http://www.vkont.bos.ru,Trojan
178,http://www.download207.mediafire.com/2ezaemp68lyg/fe8lc6kqa1f06n1/Grand+Theft+Modification.zip,Trojan
179,http://www.seoholding.com/13/overblog,Trojan
180,http://www.seonetwizard.com/in.cgi?3,Trojan
181,http://www.seoholding.com/13/overblog&usg=AFQjCNGS7Xe0yilVQ6lGj3Oroonf7-gfhg,Trojan
182,http://www.seoholding.com/13/boardhost,Trojan
183,http://www.nobodyspeakstruth.narod.ru/upload/main.exe,Trojan
184,http://www.www8.0zz0.com/2012/05/05/18/394995639.gif,Trojan
185,http://www.www12.0zz0.com/2012/05/06/00/464591666.gif,Trojan
186,http://www.www.petpleasers.ca/templates/rhuk_milkyway/images/red/sll.exe,Trojan
187,http://www.zjjlf.croukwexdbyerr.net/zyso.cgi?16,redirect
188,http://www.www.two-of-us.at/images/W.exe,Trojan
189,http://www.www.two-of-us.at/images/vein.exe,Trojan
190,http://www.www.two-of-us.at/images/s4x.exe,Trojan
191,http://www.www.two-of-us.at/images/s2x.exe,Trojan
192,http://www.www.two-of-us.at/images/s2.exe,Trojan
193,http://www.www.two-of-us.at/images/m.exe,Trojan
194,http://www.www.two-of-us.at/images/digitalcoinminer.exe,Trojan
195,http://www.www.two-of-us.at/images/dgc4x.exe,Trojan
196,http://www.www.two-of-us.at/images/dc.exe,Trojan
197,http://www.www.two-of-us.at/images/bz.exe,Trojan
198,http://www.www.two-of-us.at/images/BR.exe,Trojan
199,http://www.www.two-of-us.at/images/aurcoinlab.exe,Trojan
200,http://www.www.perupuntocom.com/claroideas.exe,Trojan
201,http://www.www.two-of-us.at/images/au4x.exe,Trojan
202,http://www.xamateurpornlic.www1.biz/latest/xxx-porn-movie.avi.exe,Trojan
203,http://www.www.two-of-us.at/images/1.exe,Trojan
204,http://www.xpornstarsckc.ddns.name/latest/xxx-porn-movie.avi.exe,Trojan
205,http://www.upswings.net/track.php?c005,redirect
206,http://www.www.lyzgs.com/track.php?c005,redirect
184,http://wwww8.0zz0.com/2012/05/05/18/394995639.gif,Trojan
185,http://wwww12.0zz0.com/2012/05/06/00/464591666.gif,Trojan
186,http://wwww.petpleasers.ca/templates/rhuk_milkyway/images/red/sll.exe,Trojan
187,http://www.zjjlf.croukwexdbyerr.net/zyso.cgi?16,redirect
188,http://wwww.two-of-us.at/images/W.exe,Trojan
189,http://wwww.two-of-us.at/images/vein.exe,Trojan
190,http://wwww.two-of-us.at/images/s4x.exe,Trojan
191,http://wwww.two-of-us.at/images/s2x.exe,Trojan
192,http://wwww.two-of-us.at/images/s2.exe,Trojan
193,http://wwww.two-of-us.at/images/m.exe,Trojan
194,http://wwww.two-of-us.at/images/digitalcoinminer.exe,Trojan
195,http://wwww.two-of-us.at/images/dgc4x.exe,Trojan
196,http://wwww.two-of-us.at/images/dc.exe,Trojan
197,http://wwww.two-of-us.at/images/bz.exe,Trojan
198,http://wwww.two-of-us.at/images/BR.exe,Trojan
199,http://wwww.two-of-us.at/images/aurcoinlab.exe,Trojan
200,http://wwww.perupuntocom.com/claroideas.exe,Trojan
201,http://wwww.two-of-us.at/images/au4x.exe,Trojan
202,http://www.xamateurpornlic.www1.biz/latest/xxx-porn-movie.avi.exe,Trojan
203,http://wwww.two-of-us.at/images/1.exe,Trojan
204,http://www.xpornstarsckc.ddns.name/latest/xxx-porn-movie.avi.exe,Trojan
205,http://www.upswings.net/track.php?c005,redirect
206,http://wwww.lyzgs.com/track.php?c005,redirect
207,http://www.weboxmedia.by/track.php?c005,redirect
208,http://www.gravityexp.com/go.php?sid=12,redirect
209,http://www.analxxxclipsyjh.dnset.com/latest/amateur_dog_sex_01.avi.exe,Trojan
210,http://www.port.bg/wfgv.html?php=receipt,redirect
211,http://www.webordermanager.com,redirect
212,http://www.videoflyover.com,redirect
213,http://www.www.0uk.net/zaaqw/Pony.exe,Trojan
214,http://www.www.0uk.net/zaaqw/cs.exe,Trojan
213,http://wwww.0uk.net/zaaqw/Pony.exe,Trojan
214,http://wwww.0uk.net/zaaqw/cs.exe,Trojan
215,http://www.ukonline.hc0.me/new.exe,Trojan
216,http://www.ukonline.hc0.me/Host.exe,Trojan
217,http://www.somethingnice.hc0.me/Miner/CPUMiner.files,Trojan
218,http://www.directxex.com/uploads/965775728.crypt.exe,Trojan
219,http://www.directxex.com/uploads/565785830.been.exe,Trojan
220,http://www.directxex.com/uploads/482862824.kmahard.exe,Trojan
221,http://www.directxex.com/uploads/472678730.2113899106.puttymanager.exe,Trojan
222,http://www.directxex.com/uploads/39164388.ms.exe?dl=1,Trojan
223,http://www.directxex.com/uploads/341043287.crypted.exe,Trojan
224,http://www.directxex.com/uploads/1870347935.http.exe,Trojan
225,http://www.www.offerent.com/tmp/5lro65.php?receipt_print=825_417011330,Trojan
226,http://www.directxex.com/uploads/1803412028.mintt.exe,Trojan
227,http://www.bbs.bjchun.com/report.htm,redirect
228,http://www.customsboysint.com/1/25/human-head-wireframe,redirect
229,http://www.www.daspar.net/components/.kkcpgr.php?action=ss00_323,Trojan
225,http://wwww.offerent.com/tmp/5lro65.php?receipt_print=825_417011330,Trojan
226,http://www.directxex.com/uploads/1803412028.mintt.exe,Trojan
227,http://www.bbs.bjchun.com/report.htm,redirect
228,http://www.customsboysint.com/1/25/human-head-wireframe,redirect
229,http://wwww.daspar.net/components/.kkcpgr.php?action=ss00_323,Trojan
230,http://www.freefblikes.phpnet.us,Trojan
231,http://www.directxex.com/uploads/1005443056.cryptedserver.exe,Trojan
232,http://www.yougube.com,redirect
233,http://www.youtuhe.com,redirect
234,http://www.youtibe.com,redirect
235,http://www.sunny99.cholerik.cz/plugins/3yvPRqFJ.php,redirect
236,http://www.www.rooversadvocatuur.nl/rel.php,redirect
236,http://wwww.rooversadvocatuur.nl/rel.php,redirect
237,http://www.v.inigsplan.ru/lich/inc/v7675/?/,redirect
238,http://www.mailboto.com/landing/themes/bluemarine/corso/index.htm,Phishing
239,http://www.guyscards.com/adobe/,Trojan
240,http://www.guyscards.com/adobe/update_flash_player.exe,Trojan
241,http://www.wc0x83ghk.homepage.t-online.de/communed/ameba.js,redirect
242,http://www.server1.extra-web.cz/dbm.exe,Trojan
243,http://www.manoske.com/main.php?label=TJaxqKIV0+wlz0MJN5SxypUhWaVDQDqE4PwfdxjPls0=,Trojan
244,http://www.mmile.com/images/rhcs05.exe,Trojan
245,http://www.luggage-tv.com/adobe/update_flash_player.exe,Trojan
246,http://www.luggagepreview.com/adobe/update_flash_player.exe,Trojan
247,http://www.luggagecast.com/adobe/update_flash_player.exe,Trojan
248,http://www.kapcotool.com/adobe/update_flash_player.exe,Trojan
249,http://www.mmile.com/images/bl.exe,Trojan
250,http://www.bluecutsystem.com/load3.exe,Trojan
251,http://www.tube8vidsvrx.ddns.name/2013/girl-fucked-by-dog.avi.exe,Trojan
252,http://www.tube8vidsvtp.dnset.com/2013/girl-fucked-by-dog.avi.exe,Trojan
253,http://www.tube8vidswsy.dnset.com/2013/girl-fucked-by-dog.avi.exe,Trojan
254,http://www.tube8vidswtb.ddns.name/2013/girl-fucked-by-dog.avi.exe,Trojan
255,http://www.tube8vidswys.ddns.name/2013/girl-fucked-by-dog.avi.exe,Trojan
256,http://www.tube8vidsxlo.ddns.name/2013/girl-fucked-by-dog.avi.exe,Trojan
257,http://www.tube8vidsxmx.dnset.com/2013/girl-fucked-by-dog.avi.exe,Trojan
258,http://www.tube8vidsxpg.ddns.name/2013/girl-fucked-by-dog.avi.exe,Trojan
259,http://www.tube8vidsxpp.dnset.com/2013/girl-fucked-by-dog.avi.exe,Trojan
260,http://www.tube8vidsxwu.ddns.name/2013/girl-fucked-by-dog.avi.exe,Trojan
261,http://www.tube8vidsycs.dnset.com/2013/girl-fucked-by-dog.avi.exe,Trojan
262,http://www.tube8vidsyip.ddns.name/2013/girl-fucked-by-dog.avi.exe,Trojan
263,http://www.tube8vidsymz.dnset.com/2013/girl-fucked-by-dog.avi.exe,Trojan
264,http://www.tube8vidsyre.dnset.com/2013/girl-fucked-by-dog.avi.exe,Trojan
265,http://www.tube8vidsyyf.dnset.com/2013/girl-fucked-by-dog.avi.exe,Trojan
266,http://www.tube8vidszmi.ddns.name/2013/girl-fucked-by-dog.avi.exe,Trojan
267,http://www.tube8vidsznj.ddns.name/2013/girl-fucked-by-dog.avi.exe,Trojan
268,http://www.tube8vidsznx.ddns.name/2013/girl-fucked-by-dog.avi.exe,Trojan
269,http://www.tube8vidscqs.ddns.name/2013/girl-fucked-by-dog.avi.exe,Trojan
270,http://www.tube8vidscut.ddns.name/2013/girl-fucked-by-dog.avi.exe,Trojan
271,http://www.tube8vidsdob.dnset.com/2013/girl-fucked-by-dog.avi.exe,Trojan
272,http://www.tube8vidsdst.ddns.name/2013/girl-fucked-by-dog.avi.exe,Trojan
273,http://www.tube8vidsfgd.ddns.name/2013/girl-fucked-by-dog.avi.exe,Trojan
274,http://www.tube8vidshhr.ddns.name/2013/girl-fucked-by-dog.avi.exe,Trojan
275,http://www.tube8vidshkk.ddns.name/2013/girl-fucked-by-dog.avi.exe,Trojan
276,http://www.tube8vidshrw.dnset.com/2013/girl-fucked-by-dog.avi.exe,Trojan
277,http://www.tube8vidsiet.ddns.name/2013/girl-fucked-by-dog.avi.exe,Trojan
278,http://www.tube8vidsiww.ddns.name/2013/girl-fucked-by-dog.avi.exe,Trojan
279,http://www.tube8vidsjac.dnset.com/2013/girl-fucked-by-dog.avi.exe,Trojan
280,http://www.tube8vidsjan.ddns.name/2013/girl-fucked-by-dog.avi.exe,Trojan
281,http://www.tube8vidsjhn.ddns.name/2013/girl-fucked-by-dog.avi.exe,Trojan
282,http://www.tube8vidsjtq.ddns.name/2013/girl-fucked-by-dog.avi.exe,Trojan
283,http://www.tube8vidslmf.dnset.com/2013/girl-fucked-by-dog.avi.exe,Trojan
284,http://www.tube8vidslni.dnset.com/2013/girl-fucked-by-dog.avi.exe,Trojan
285,http://www.tube8vidslqk.ddns.name/2013/girl-fucked-by-dog.avi.exe,Trojan
286,http://www.tube8vidslrz.ddns.name/2013/girl-fucked-by-dog.avi.exe,Trojan
287,http://www.tube8vidsnlq.dnset.com/2013/girl-fucked-by-dog.avi.exe,Trojan
288,http://www.tube8vidsnrt.ddns.name/2013/girl-fucked-by-dog.avi.exe,Trojan
289,http://www.tube8vidsnvd.ddns.name/2013/girl-fucked-by-dog.avi.exe,Trojan
290,http://www.tube8vidsnyp.dnset.com/2013/girl-fucked-by-dog.avi.exe,Trojan
291,http://www.tube8vidsolh.ddns.name/2013/girl-fucked-by-dog.avi.exe,Trojan
292,http://www.tube8vidsotz.dnset.com/2013/girl-fucked-by-dog.avi.exe,Trojan
293,http://www.tube8vidsowd.dnset.com/2013/girl-fucked-by-dog.avi.exe,Trojan
294,http://www.tube8vidspeq.ddns.name/2013/girl-fucked-by-dog.avi.exe,Trojan
295,http://www.tube8vidsqof.ddns.name/2013/girl-fucked-by-dog.avi.exe,Trojan
296,http://www.tube8vidsrau.dnset.com/2013/girl-fucked-by-dog.avi.exe,Trojan
297,http://www.tube8vidsrdr.dnset.com/2013/girl-fucked-by-dog.avi.exe,Trojan
298,http://www.tube8vidsrhl.ddns.name/2013/girl-fucked-by-dog.avi.exe,Trojan
299,http://www.tube8vidsrom.dnset.com/2013/girl-fucked-by-dog.avi.exe,Trojan
300,http://www.tube8vidssan.dnset.com/2013/girl-fucked-by-dog.avi.exe,Trojan
301,http://www.tube8vidssjw.ddns.name/2013/girl-fucked-by-dog.avi.exe,Trojan
302,http://www.tube8vidssyg.dnset.com/2013/girl-fucked-by-dog.avi.exe,Trojan
303,http://www.tube8vidstrh.dnset.com/2013/girl-fucked-by-dog.avi.exe,Trojan
304,http://www.tube8vidstyp.ddns.name/2013/girl-fucked-by-dog.avi.exe,Trojan
305,http://www.tube8vidsuty.dnset.com/2013/girl-fucked-by-dog.avi.exe,Trojan
306,http://www.tube8vidsvaj.dnset.com/2013/girl-fucked-by-dog.avi.exe,Trojan
307,http://www.tube8vidsvcs.ddns.name/2013/girl-fucked-by-dog.avi.exe,Trojan
308,http://www.tube8vidsvmr.ddns.name/2013/girl-fucked-by-dog.avi.exe,Trojan
309,http://www.slimxxxtuberfe.dnset.com/2013/girl-fucked-by-dog.avi.exe,Trojan
310,http://www.slimxxxtuberjj.ddns.name/2013/girl-fucked-by-dog.avi.exe,Trojan
311,http://www.slimxxxtuberme.dnset.com/2013/girl-fucked-by-dog.avi.exe,Trojan
312,http://www.slimxxxtuberue.dnset.com/2013/girl-fucked-by-dog.avi.exe,Trojan
313,http://www.slimxxxtubesrs.dnset.com/2013/girl-fucked-by-dog.avi.exe,Trojan
314,http://www.slimxxxtubesrw.ddns.name/2013/girl-fucked-by-dog.avi.exe,Trojan
315,http://www.slimxxxtubesun.ddns.name/2013/girl-fucked-by-dog.avi.exe,Trojan
316,http://www.slimxxxtubetmf.ddns.name/2013/girl-fucked-by-dog.avi.exe,Trojan
317,http://www.slimxxxtubetmg.dnset.com/2013/girl-fucked-by-dog.avi.exe,Trojan
318,http://www.slimxxxtubetns.ddns.name/2013/girl-fucked-by-dog.avi.exe,Trojan
319,http://www.slimxxxtubetts.dnset.com/2013/girl-fucked-by-dog.avi.exe,Trojan
320,http://www.slimxxxtubeubp.dnset.com/2013/girl-fucked-by-dog.avi.exe,Trojan
321,http://www.slimxxxtubeujh.ddns.name/2013/girl-fucked-by-dog.avi.exe,Trojan
322,http://www.slimxxxtubeull.dnset.com/2013/girl-fucked-by-dog.avi.exe,Trojan
323,http://www.slimxxxtubeuvd.dnset.com/2013/girl-fucked-by-dog.avi.exe,Trojan
324,http://www.slimxxxtubevdn.ddns.name/2013/girl-fucked-by-dog.avi.exe,Trojan
325,http://www.slimxxxtubevih.dnset.com/2013/girl-fucked-by-dog.avi.exe,Trojan
326,http://www.slimxxxtubevjk.ddns.name/2013/girl-fucked-by-dog.avi.exe,Trojan
327,http://www.slimxxxtubewfl.ddns.name/2013/girl-fucked-by-dog.avi.exe,Trojan
328,http://www.slimxxxtubewiq.ddns.name/2013/girl-fucked-by-dog.avi.exe,Trojan
329,http://www.slimxxxtubewis.ddns.name/2013/girl-fucked-by-dog.avi.exe,Trojan
330,http://www.slimxxxtubewmt.dnset.com/2013/girl-fucked-by-dog.avi.exe,Trojan
331,http://www.slimxxxtubexei.ddns.name/2013/girl-fucked-by-dog.avi.exe,Trojan
332,http://www.slimxxxtubexiv.dnset.com/2013/girl-fucked-by-dog.avi.exe,Trojan
333,http://www.slimxxxtubexvq.ddns.name/2013/girl-fucked-by-dog.avi.exe,Trojan
334,http://www.slimxxxtubexwb.dnset.com/2013/girl-fucked-by-dog.avi.exe,Trojan
335,http://www.slimxxxtubexxq.dnset.com/2013/girl-fucked-by-dog.avi.exe,Trojan
336,http://www.slimxxxtubeyge.ddns.name/2013/girl-fucked-by-dog.avi.exe,Trojan
337,http://www.slimxxxtubeyhz.ddns.name/2013/girl-fucked-by-dog.avi.exe,Trojan
338,http://www.slimxxxtubeyza.ddns.name/2013/girl-fucked-by-dog.avi.exe,Trojan
339,http://www.tube8vidsbbr.dnset.com/2013/girl-fucked-by-dog.avi.exe,Trojan
340,http://www.tube8vidsbhy.dnset.com/2013/girl-fucked-by-dog.avi.exe,Trojan
341,http://www.tube8vidsbzx.dnset.com/2013/girl-fucked-by-dog.avi.exe,Trojan
342,http://www.tube8vidscjk.ddns.name/2013/girl-fucked-by-dog.avi.exe,Trojan
343,http://www.slimxxxtubehdn.dnset.com/2013/girl-fucked-by-dog.avi.exe,Trojan
344,http://www.slimxxxtubehli.dnset.com/2013/girl-fucked-by-dog.avi.exe,Trojan
345,http://www.slimxxxtubeidv.ddns.name/2013/girl-fucked-by-dog.avi.exe,Trojan
346,http://www.slimxxxtubeijc.dnset.com/2013/girl-fucked-by-dog.avi.exe,Trojan
347,http://www.slimxxxtubeiqb.dnset.com/2013/girl-fucked-by-dog.avi.exe,Trojan
348,http://www.slimxxxtubejie.dnset.com/2013/girl-fucked-by-dog.avi.exe,Trojan
349,http://www.slimxxxtubejlp.ddns.name/2013/girl-fucked-by-dog.avi.exe,Trojan
350,http://www.slimxxxtubejpe.ddns.name/2013/girl-fucked-by-dog.avi.exe,Trojan
351,http://www.slimxxxtubejvh.ddns.name/2013/girl-fucked-by-dog.avi.exe,Trojan
352,http://www.slimxxxtubejyk.ddns.name/2013/girl-fucked-by-dog.avi.exe,Trojan
353,http://www.slimxxxtubekad.ddns.name/2013/girl-fucked-by-dog.avi.exe,Trojan
354,http://www.slimxxxtubekgj.ddns.name/2013/girl-fucked-by-dog.avi.exe,Trojan
355,http://www.slimxxxtubekgv.ddns.name/2013/girl-fucked-by-dog.avi.exe,Trojan
356,http://www.slimxxxtubeklg.dnset.com/2013/girl-fucked-by-dog.avi.exe,Trojan
357,http://www.slimxxxtubekpn.ddns.name/2013/girl-fucked-by-dog.avi.exe,Trojan
358,http://www.slimxxxtubekrn.ddns.name/2013/girl-fucked-by-dog.avi.exe,Trojan
359,http://www.slimxxxtubelap.ddns.name/2013/girl-fucked-by-dog.avi.exe,Trojan
360,http://www.slimxxxtubelat.ddns.name/2013/girl-fucked-by-dog.avi.exe,Trojan
361,http://www.slimxxxtubelfr.ddns.name/2013/girl-fucked-by-dog.avi.exe,Trojan
362,http://www.slimxxxtubelzv.ddns.name/2013/girl-fucked-by-dog.avi.exe,Trojan
363,http://www.slimxxxtubemue.dnset.com/2013/girl-fucked-by-dog.avi.exe,Trojan
364,http://www.slimxxxtubeneg.ddns.name/2013/girl-fucked-by-dog.avi.exe,Trojan
365,http://www.slimxxxtubeneu.ddns.name/2013/girl-fucked-by-dog.avi.exe,Trojan
366,http://www.slimxxxtubengt.dnset.com/2013/girl-fucked-by-dog.avi.exe,Trojan
367,http://www.slimxxxtubenqp.ddns.name/2013/girl-fucked-by-dog.avi.exe,Trojan
368,http://www.slimxxxtubentf.dnset.com/2013/girl-fucked-by-dog.avi.exe,Trojan
369,http://www.slimxxxtubeocr.dnset.com/2013/girl-fucked-by-dog.avi.exe,Trojan
370,http://www.slimxxxtubeonf.dnset.com/2013/girl-fucked-by-dog.avi.exe,Trojan
371,http://www.slimxxxtubeopy.ddns.name/2013/girl-fucked-by-dog.avi.exe,Trojan
372,http://www.slimxxxtubeoxo.ddns.name/2013/girl-fucked-by-dog.avi.exe,Trojan
373,http://www.slimxxxtubeoxy.ddns.name/2013/girl-fucked-by-dog.avi.exe,Trojan
374,http://www.slimxxxtubeppj.dnset.com/2013/girl-fucked-by-dog.avi.exe,Trojan
375,http://www.slimxxxtubeqfo.ddns.name/2013/girl-fucked-by-dog.avi.exe,Trojan
376,http://www.slimxxxtubeqsh.ddns.name/2013/girl-fucked-by-dog.avi.exe,Trojan
377,http://www.slimxxxtubeqve.dnset.com/2013/girl-fucked-by-dog.avi.exe,Trojan
378,http://www.slimxxxtubeqwr.dnset.com/2013/girl-fucked-by-dog.avi.exe,Trojan
379,http://www.slimxxxtuberau.ddns.name/2013/girl-fucked-by-dog.avi.exe,Trojan
380,http://www.slimxxxtuberea.ddns.name/2013/girl-fucked-by-dog.avi.exe,Trojan
381,http://www.slimxxxtuberep.dnset.com/2013/girl-fucked-by-dog.avi.exe,Trojan
382,http://www.generalchemicalsupply.com/gLG.exe,Trojan
383,http://www.slimxxxtubeacn.dnset.com/2013/girl-fucked-by-dog.avi.exe,Trojan
384,http://www.slimxxxtubealn.ddns.name/2013/girl-fucked-by-dog.avi.exe,Trojan
385,http://www.slimxxxtubeanr.ddns.name/2013/girl-fucked-by-dog.avi.exe,Trojan
386,http://www.slimxxxtubeaxy.ddns.name/2013/girl-fucked-by-dog.avi.exe,Trojan
387,http://www.slimxxxtubeayv.ddns.name/2013/girl-fucked-by-dog.avi.exe,Trojan
388,http://www.slimxxxtubebej.dnset.com/2013/girl-fucked-by-dog.avi.exe,Trojan
389,http://www.slimxxxtubebgp.ddns.name/2013/girl-fucked-by-dog.avi.exe,Trojan
390,http://www.slimxxxtubebmq.dnset.com/2013/girl-fucked-by-dog.avi.exe,Trojan
391,http://www.slimxxxtubebnd.ddns.name/2013/girl-fucked-by-dog.avi.exe,Trojan
392,http://www.slimxxxtubecgl.ddns.name/2013/girl-fucked-by-dog.avi.exe,Trojan
393,http://www.slimxxxtubectk.dnset.com/2013/girl-fucked-by-dog.avi.exe,Trojan
394,http://www.slimxxxtubecty.ddns.name/2013/girl-fucked-by-dog.avi.exe,Trojan
395,http://www.slimxxxtubeczp.ddns.name/2013/girl-fucked-by-dog.avi.exe,Trojan
396,http://www.slimxxxtubedgv.dnset.com/2013/girl-fucked-by-dog.avi.exe,Trojan
397,http://www.slimxxxtubedjm.ddns.name/2013/girl-fucked-by-dog.avi.exe,Trojan
398,http://www.slimxxxtubedlb.ddns.name/2013/girl-fucked-by-dog.avi.exe,Trojan
399,http://www.slimxxxtubedvj.dnset.com/2013/girl-fucked-by-dog.avi.exe,Trojan
400,http://www.slimxxxtubedxc.ddns.name/2013/girl-fucked-by-dog.avi.exe,Trojan
401,http://www.slimxxxtubedya.ddns.name/2013/girl-fucked-by-dog.avi.exe,Trojan
402,http://www.slimxxxtubeejs.ddns.name/2013/girl-fucked-by-dog.avi.exe,Trojan
403,http://www.slimxxxtubeemz.dnset.com/2013/girl-fucked-by-dog.avi.exe,Trojan
404,http://www.slimxxxtubefdr.ddns.name/2013/girl-fucked-by-dog.avi.exe,Trojan
405,http://www.slimxxxtubefel.ddns.name/2013/girl-fucked-by-dog.avi.exe,Trojan
406,http://www.slimxxxtubeftb.dnset.com/2013/girl-fucked-by-dog.avi.exe,Trojan
407,http://www.slimxxxtubefzc.ddns.name/2013/girl-fucked-by-dog.avi.exe,Trojan
408,http://www.slimxxxtubehan.ddns.name/2013/girl-fucked-by-dog.avi.exe,Trojan
409,http://www.tube8vidszyj.ddns.name/2013/girl-fucked-by-dog.avi.exe,Trojan
410,http://www.tecslide.com/js/down/Sbin1/MS0ftAdapter.exe,Trojan
411,http://www.www.slivki.com.ua/as/Ponynl.exe,Trojan
412,http://www.www.slivki.com.ua/as/smp.exe,Trojan
413,http://www.bizzibeans.net/wp-admin/zope/,Trojan
414,http://www.bizzibeans.net/wp-admin/zope/adobe_flash.exe,Trojan
415,http://www.www.two-of-us.at/images/4x.exe,Trojan
416,http://www.www.two-of-us.at/images/2.exe,Trojan
417,http://www.directxex.com/uploads/1406101817.Server.exe,Trojan
418,http://www.www.two-of-us.at/images/youtube/d/flashplayer.exe,Trojan
419,http://www.www.two-of-us.at/images/3.exe,Trojan
420,http://www.directxex.com/uploads/1010343014.server12345.exe,Trojan
421,http://www.www.two-of-us.at/images/777.exe,Trojan
422,http://www.downloads-whatsapp.com,Trojan
423,http://www.downloads-whatsapp.com/whatsapp-for-nokia.php,Trojan
424,http://www.www.two-of-us.at/images/au.exe,Trojan
425,http://www.directxex.com/uploads/1021119574.C-Chrome.exe,Trojan
426,http://www.www.blueimagen.com/Attachment/Invoice-List2013-10-20-Copy.jar,Trojan
427,http://www.www.lostartofbeingadame.com/wp-content/plugins/www.fotosupload.php,Trojan
411,http://wwww.slivki.com.ua/as/Ponynl.exe,Trojan
412,http://wwww.slivki.com.ua/as/smp.exe,Trojan
413,http://www.bizzibeans.net/wp-admin/zope/,Trojan
414,http://www.bizzibeans.net/wp-admin/zope/adobe_flash.exe,Trojan
415,http://wwww.two-of-us.at/images/4x.exe,Trojan
416,http://wwww.two-of-us.at/images/2.exe,Trojan
417,http://www.directxex.com/uploads/1406101817.Server.exe,Trojan
418,http://wwww.two-of-us.at/images/youtube/d/flashplayer.exe,Trojan
419,http://wwww.two-of-us.at/images/3.exe,Trojan
420,http://www.directxex.com/uploads/1010343014.server12345.exe,Trojan
421,http://wwww.two-of-us.at/images/777.exe,Trojan
422,http://www.downloads-whatsapp.com,Trojan
423,http://www.downloads-whatsapp.com/whatsapp-for-nokia.php,Trojan
424,http://wwww.two-of-us.at/images/au.exe,Trojan
425,http://www.directxex.com/uploads/1021119574.C-Chrome.exe,Trojan
426,http://wwww.blueimagen.com/Attachment/Invoice-List2013-10-20-Copy.jar,Trojan
427,http://wwww.lostartofbeingadame.com/wp-content/plugins/www.fotosupload.php,Trojan
428,http://www.bride1.com/File/www.fotosupload.com/fotosuploadcominfidelidadfotos2dediciembreparaquenoquedendudasc.zip,Trojan
429,http://www.somethingnice.hc0.me/Miner/YACMiner.files,Trojan
430,http://www.directxex.com/uploads/1251104917.p9g.exe,Trojan
431,http://www.directxex.com/uploads/1353613345.ih.exe,Trojan
432,http://www.directxex.com/uploads/143265795.ohi.exe,Trojan
433,http://www.directxex.com/uploads/1565397800.9g.exe,Trojan
434,http://www.directxex.com/uploads/158511922.uf.exe,Trojan
435,http://www.directxex.com/uploads/1607796965.id100.exe,Trojan
436,http://www.directxex.com/uploads/1836606807.9g.exe,Trojan
437,http://www.directxex.com/uploads/1853928844.97g.exe,Trojan
438,http://www.directxex.com/uploads/1991519040.aeg.exe,Trojan
439,http://www.directxex.com/uploads/223478294.insid-start-sjw.exe,Trojan
440,http://www.directxex.com/uploads/232683212.igi.exe,Trojan
441,http://www.directxex.com/uploads/31401351.final5.exe,Trojan
442,http://www.directxex.com/uploads/384011806.gotter.exe,Trojan
443,http://www.directxex.com/uploads/414294618.009.exe,Trojan
444,http://www.directxex.com/uploads/620509324.MINIMON.exe,Trojan
445,http://www.directxex.com/uploads/623307317.inst.exe,Trojan
446,http://www.directxex.com/uploads/636954784.ok.exe,Trojan
447,http://www.directxex.com/uploads/662268336.BIN.exe,Trojan
448,http://www.directxex.com/uploads/687255529.delfi.exe,Trojan
449,http://www.directxex.com/uploads/744646896.rbsrb.exe,Trojan
450,http://www.directxex.com/uploads/777724411.safetyCheck.exe,Trojan
451,http://www.directxex.com/uploads/818611823.insidrazor.exe,Trojan
452,http://www.directxex.com/uploads/836587333.skp.exe,Trojan
453,http://www.directxex.com/uploads/845426478.xa.exe,Trojan
454,http://www.directxex.com/uploads/995578741.miner.exe,Trojan
455,http://www.directxex.com/uploads/1744698061.miner.txt,Trojan
456,http://www.directxex.com/uploads/281742754.abbba.exe,Trojan
457,http://www.directxex.com/uploads/566077266.ms.exe,Trojan
458,http://www.directxex.com/uploads/1347878398.miner2.exe,Trojan
459,http://www.directxex.com/uploads/1565998043.test.exe,Trojan
460,http://www.directxex.com/uploads/2111586998.onoj.exe,Trojan
461,http://www.directxex.com/uploads/566077266.ms.exe?dl=1,Trojan
462,http://www.down2.feiyang163.com/soft/wavtomp3.exe,Trojan
463,http://www.down3.feiyang163.com/soft/fcssq.exe,Trojan
464,http://www.d1.kuai8.com/setup/kuai8_zjy.exe,Trojan
465,http://www.down.unadnet.com.cn/soft/2Dmofang.exe,Trojan
466,http://www.down.unadnet.com.cn/soft/loveletter.exe,Trojan
467,http://www.ddd.gouwuke.cn/down/exejmman.exe,Trojan
468,http://www.down.feiyang163.com/soft/alexacha.exe,Trojan
469,http://www.down.feiyang163.com/soft/usblock.exe,Trojan
470,http://www.down.feiyang163.com/soft/wbjfsys.exe,Trojan
471,http://www.down.guangsu.cn/qdn/setup_qd262.exe,Trojan
472,http://www.down.guangsu.cn/qdn/setup_qd304.exe,Trojan
473,http://www.www.sj88.com/hezi/jm/s1000.exe,Trojan
473,http://wwww.sj88.com/hezi/jm/s1000.exe,Trojan
474,http://www.k.h.a.d.free.fr/pub/utils/oepv.exe,Trojan
475,http://www.download.grandcloud.cn/9291/15474/setup_2949-14598.exe,Trojan
476,http://www.download.grandcloud.cn/9291/16411/80347_al.exe,Trojan
477,http://www.download.grandcloud.cn/9291/17147/cool_ES_PC35152730.exe,Trojan
478,http://www.www.feiyang163.com/soft/fySpeaker.exe,Trojan
478,http://wwww.feiyang163.com/soft/fySpeaker.exe,Trojan
479,http://www.thefxarchive.com/Downloads/WLMM/MMK_Warp_Variations.exe,Trojan
480,http://www.formessengers.com/download.php?PN=MLP,Trojan
481,http://www.dl.microsword.net/softdown/filerubber.exe,Trojan
482,http://www.dl.microsword.net/Softdown/VideoRecord.exe,Trojan
483,http://www.download.56.com/lp/client/update.lua,Trojan
484,http://www.download.56.com/lp/client/woxiu1.0.15_20119070.exe,Trojan
485,http://www.download.ttrili.com:98/Setup%5B57%5D-rl.exe,Trojan
486,http://www.download.ttrili.com:98/Setup%5B75%5D-rl.exe,Trojan
487,http://www.download.ttrili.com:98/setup%5B79%5D-rl.exe,Trojan
488,http://www.download.ttrili.com:98/Setup[11]-rl.exe,Trojan
489,http://www.f.gj555.net/download/setups30035.exe,Trojan
490,http://www.f.gj555.net/download/setups30138.exe,Trojan
491,http://www.f.gj555.net/download/setups34338.exe,Trojan
492,http://www.f.gj555.net/download/setups75613.exe,Trojan
493,http://www.f.gj555.net/download/setups83563.exe,Trojan
494,http://www.f.gj555.net/download/setups91646.exe,Trojan
495,http://www.f.gj555.net/download/setups95191.exe,Trojan
496,http://www.files.dsnetwb.com/aTube_Catcher_5188_ATU3.exe,Trojan
497,http://www.www.zctei.com/date/9377chiyue_Y_Cdcr1124.exe,Trojan
497,http://wwww.zctei.com/date/9377chiyue_Y_Cdcr1124.exe,Trojan
498,http://www.somethingnice.hc0.me/Miner/Ufasoft.files,Trojan
499,http://www.aippnetworks.com/plugins/authentication/joomla/aviancataca/aviancatacafreeticket.php,Trojan
500,http://www.valouweeigenaren.nl/customers/billing/df367548-18.zip,Trojan
501,http://www.valouweeigenaren.nl/customers/cases/acc56-81-93.zip,Trojan
502,http://www.yumekin.com/inde.php,Trojan
503,http://www.yumekin.com/inde.php?comercial@cohesp.com.br,Trojan
504,http://www.ads.wikipartes.com/all/test.php,redirect
505,http://www.tavuks.com/_vti_bin/1und1.php/,Trojan
506,http://www.noobgirls.com/pussy.php,Trojan
507,http://www.noobgirls.com/pussy.exe,Trojan
508,http://www.vistatech.us/gangplanks/trysted.exe,Trojan
509,http://www.batcoroadlinescorporation.com/concedes/diggers.exe,Trojan
510,http://www.updat120.clanteam.com/calc,Trojan
511,http://www.www.tvnews.or.kr/web/main.gif,Trojan
512,http://www.www.tvnews.or.kr/web/menu.gif,Trojan
513,http://www.www.studiochiarelli.eu/02-2014/clients/order.3757.zip,Trojan
514,http://www.www.toochattoo.com/fond-ecran-anime/chinois1.exe,Trojan
511,http://wwww.tvnews.or.kr/web/main.gif,Trojan
512,http://wwww.tvnews.or.kr/web/menu.gif,Trojan
513,http://wwww.studiochiarelli.eu/02-2014/clients/order.3757.zip,Trojan
514,http://wwww.toochattoo.com/fond-ecran-anime/chinois1.exe,Trojan
515,http://www.somethingnice.hc0.me/Miner/Miner.txt,Trojan
516,http://www.somethingnice.hc0.me/Miner/jhProtominer.files,Trojan
517,http://www.somethingnice.hc0.me/Miner/GPUMiner.files,Trojan
518,http://www.onrio.com.br/site/Pdf/,Trojan
519,http://www.somethingnice.hc0.me/Miner/CPUMiner.files,Trojan
520,http://www.portalfiremasters.com.br/Fatura.Pdf.rar,Trojan
521,http://www.funchill.com/Invoice.zip,Trojan
522,http://www.nc2199.eden5.netclusive.de/Invoice.zip,Trojan
523,http://www.notebookservisru.161.com1.ru/PayInfo.zip,Trojan
524,http://www.www.fabioalbini.com/Invoice.zip,Trojan
525,http://www.www.notaverde.com/Invoice.zip,Trojan
524,http://wwww.fabioalbini.com/Invoice.zip,Trojan
525,http://wwww.notaverde.com/Invoice.zip,Trojan
526,http://www.directxex.com/uploads/1769382244.HDPlayer_BETA_installer_v2.55.exe,Trojan
527,http://www.directxex.com/uploads/606454025.Download.exe,Trojan
528,http://www.directxex.com/uploads/214894250.pics.rar,Trojan
529,http://www.directxex.com/uploads/1483904659.photooamirat-annaba.exe,Trojan
530,http://www.directxex.com/uploads/1844534592.avg.exe,Trojan
531,http://www.e1r.net/download/ca.exe,Trojan
532,http://www.mgfd1b.petrix.net/5i9fh30/counter.php?fid=2,redirect
533,http://www.mirandolasrl.it/inddex.html,Trojan
534,http://www.mirandolasrl.it/index.zip,Trojan
535,http://www.dianepiette.co.uk/inddex.html,Trojan
536,http://www.dianepiette.co.uk/index.zip,Trojan
537,http://www.www.seal-technicsag.ch/inddex.html,Trojan
538,http://www.h1666015.stratoserver.net/inddex.html,Trojan
539,http://www.h1666015.stratoserver.net/inddex.html,Trojan
540,http://www.www.seal-technicsag.ch/inddex.html,Trojan
541,http://www.plantaardigebrandstof.nl/inddex.html,Trojan
542,http://www.www.seal-technicsag.ch/index.zip,Trojan
543,http://www.h1666015.stratoserver.net/index.zip,Trojan
544,http://www.h1666015.stratoserver.net/index.zip,Trojan
545,http://www.www.seal-technicsag.ch/index.zip,Trojan
537,http://wwww.seal-technicsag.ch/inddex.html,Trojan
538,http://www.h1666015.stratoserver.net/inddex.html,Trojan
539,http://www.h1666015.stratoserver.net/inddex.html,Trojan
540,http://wwww.seal-technicsag.ch/inddex.html,Trojan
541,http://www.plantaardigebrandstof.nl/inddex.html,Trojan
542,http://wwww.seal-technicsag.ch/index.zip,Trojan
543,http://www.h1666015.stratoserver.net/index.zip,Trojan
544,http://www.h1666015.stratoserver.net/index.zip,Trojan
545,http://wwww.seal-technicsag.ch/index.zip,Trojan
546,http://www.plantaardigebrandstof.nl/index.zip,Trojan
547,http://www.ama-alliance.com/inddex.html,Trojan
548,http://www.faiyazahmed.com/inddex.html,Trojan
549,http://www.boschetto-hotel.gr/inddex.html,Trojan
550,http://www.ama-alliance.com/index.zip,Trojan
551,http://www.faiyazahmed.com/index.zip,Trojan
552,http://www.boschetto-hotel.gr/index.zip,Trojan
553,http://www.nlconsulateorlandoorg.siteprotect.net/index.zip,Trojan
554,http://www.images.topguncustomz.com/index.zip,Trojan
555,http://www.nlconsulateorlandoorg.siteprotect.net/inddex.html,Trojan
556,http://www.images.topguncustomz.com/inddex.html,Trojan
557,http://www.www.acquisizionevideo.com/download-software-free.html/uploads/4/9/4/6/4946671/mp3mymp3install.exe,Trojan
557,http://wwww.acquisizionevideo.com/download-software-free.html/uploads/4/9/4/6/4946671/mp3mymp3install.exe,Trojan
558,http://www.sgs.us.com/sU3P6pqaWwkJ/,Trojan
559,http://www.anshrit.com/images/m216.exe,Trojan
560,http://www.4dexports.com/images/wav1.exe,Trojan
561,http://www.bracbetul.com/images/sh-pdf.exe,Trojan
562,http://www.merrymilkfoods.com/wp-content/uploads/2014/01/wav.exe,Trojan
563,http://www.ocpersian.com,Trojan
564,http://www.coalimpex.com/web/boleto2.jpg,Trojan
565,http://www.coalimpex.com/web/boleto.jpg,Trojan
566,http://www.coalimpex.com/web/bg-02.jpg,Trojan
567,http://www.coalimpex.com/web/hot-venda/receita-cliente1.jpg,Trojan
568,http://www.coalimpex.com/web/hot-venda/receita-cliente.jpg,Trojan
569,http://www.coalimpex.com/web/hot-venda/advocacia.jpg,Trojan
570,http://www.coalimpex.com/web/bo_03.php,Trojan
571,http://www.coalimpex.com/web/pe/advocacia.jpg,Trojan
572,http://www.coalimpex.com/web/bo_02.php,Trojan
573,http://www.coalimpex.com/web/bo_01.php,Trojan
574,http://www.coalimpex.com/web/hot-venda/hven_04.php,Trojan
575,http://www.coalimpex.com/web/ch_01.php,Trojan
576,http://www.coalimpex.com/web/hot-venda/hven_03.php,Trojan
577,http://www.coalimpex.com/web/hot-venda/hven_02.php,Trojan
578,http://www.coalimpex.com/web/hot-venda/hven_01.php,Trojan
579,http://www.coalimpex.com/web/pe/pe_02.php,Trojan
580,http://www.coalimpex.com/web/re_02.php,Trojan
581,http://www.coalimpex.com/web/pe/pe_01.php,Trojan
582,http://www.coalimpex.com/web/pe/ad_04.php,Trojan
583,http://www.coalimpex.com/web/pe/ad_02.php,Trojan
584,http://www.coalimpex.com/web/pe/ad_03.php,Trojan
585,http://www.coalimpex.com/web/pe/ad_01.php,Trojan
586,http://www.coalimpex.com/web/serasa/serasa_02.php,Trojan
587,http://www.coalimpex.com/web/serasa/serasa_01.php,Trojan
588,http://www.ministerio-publi.info/web/boleto2.jpg,Trojan
589,http://www.ministerio-publi.info/web/boleto.jpg,Trojan
590,http://www.ministerio-publi.info/web/bg-02.jpg,Trojan
591,http://www.ministerio-publi.info/web/hot-venda/receita-cliente1.jpg,Trojan
592,http://www.ministerio-publi.info/web/hot-venda/receita-cliente.jpg,Trojan
593,http://www.ministerio-publi.info/web/hot-venda/advocacia.jpg,Trojan
594,http://www.ministerio-publi.info/web/pe/advocacia.jpg,Trojan
595,http://www.ministerio-publi.info/web/bo_03.php,Trojan
596,http://www.ministerio-publi.info/web/bo_01.php,Trojan
597,http://www.ministerio-publi.info/web/bo_02.php,Trojan
598,http://www.ministerio-publi.info/web/ch_01.php,Trojan
599,http://www.ministerio-publi.info/web/hot-venda/hven_04.php,Trojan
600,http://www.ministerio-publi.info/web/hot-venda/hven_03.php,Trojan
601,http://www.ministerio-publi.info/web/hot-venda/hven_02.php,Trojan
602,http://www.ministerio-publi.info/web/hot-venda/hven_01.php,Trojan
603,http://www.ministerio-publi.info/web/re_02.php,Trojan
604,http://www.ministerio-publi.info/web/pe/pe_02.php,Trojan
605,http://www.ministerio-publi.info/web/pe/ad_04.php,Trojan
606,http://www.ministerio-publi.info/web/pe/pe_01.php,Trojan
607,http://www.ministerio-publi.info/web/pe/ad_03.php,Trojan
608,http://www.ministerio-publi.info/web/pe/ad_02.php,Trojan
609,http://www.ministerio-publi.info/web/pe/ad_01.php,Trojan
610,http://www.ministerio-publi.info/web/serasa/serasa_02.php,Trojan
611,http://www.ministerio-publi.info/web/serasa/serasa_01.php,Trojan
612,http://www.dentairemalin.com/images/report934875438jdfg8i45jg_07242014.exe,Trojan
613,http://www.mathenea.com/css/report934875438jdfg8i45jg_07242014.exe,Trojan
614,http://www.directxex.com/uploads/1738599339.ms1.exe?dl=11738599339.ms1.exe,Trojan
615,http://www.6b8a953b2bf7788063d5-6e453f33ecbb90f11a62a5c376375af3.r71.cf5.rackcdn.com/Videos%20Player.mp4.exe,Trojan
616,http://www.www.sankyo.gr.jp/Pagamento.zip?mscfopoysckwdh,Trojan
617,http://www.www.sankyo.gr.jp/Pagamento.zip,Trojan
618,http://www.www.sankyo.gr.jp/Pagamento.zip?IIFEhTaalZlzYipWok,Trojan
619,http://www.www.rokus-tgy.hu/Pagamento.zip?IdjJzMrNmz,Trojan
620,http://www.www.rokus-tgy.hu/Pagamento.zip,Trojan
621,http://www.www.flowtec.com.br/vcard/Informazioni.zip,Trojan
622,http://www.www.flowtec.com.br/vcard/Informazioni.zip,Trojan
623,http://www.www.fabioalbini.com/Pay.zip,Trojan
624,http://www.www.fabioalbini.com/Order.zip,Trojan
625,http://www.www.fabioalbini.com/Pay.zip?2bMxG=heidi.kostic@aon.at,Trojan
626,http://www.www.fabioalbini.com/Pay.zip?2bMxG=heidi.kostic,Trojan
627,http://www.www.fabioalbini.com/Order.zip?YIjoBgGhCBbs,Trojan
628,http://www.www.fabioalbini.com/Order.zip?snaVs8Hxk1UBauZlc5pQcGW7,Trojan
629,http://www.www.emrlogistics.com/fr/to2.exe,Trojan
630,http://www.www.cortesidesign.com/Avviso.zip,Trojan
631,http://www.www.cortesidesign.com/Avviso.zip,Trojan
616,http://wwww.sankyo.gr.jp/Pagamento.zip?mscfopoysckwdh,Trojan
617,http://wwww.sankyo.gr.jp/Pagamento.zip,Trojan
618,http://wwww.sankyo.gr.jp/Pagamento.zip?IIFEhTaalZlzYipWok,Trojan
619,http://wwww.rokus-tgy.hu/Pagamento.zip?IdjJzMrNmz,Trojan
620,http://wwww.rokus-tgy.hu/Pagamento.zip,Trojan
621,http://wwww.flowtec.com.br/vcard/Informazioni.zip,Trojan
622,http://wwww.flowtec.com.br/vcard/Informazioni.zip,Trojan
623,http://wwww.fabioalbini.com/Pay.zip,Trojan
624,http://wwww.fabioalbini.com/Order.zip,Trojan
625,http://wwww.fabioalbini.com/Pay.zip?2bMxG=heidi.kostic@aon.at,Trojan
626,http://wwww.fabioalbini.com/Pay.zip?2bMxG=heidi.kostic,Trojan
627,http://wwww.fabioalbini.com/Order.zip?YIjoBgGhCBbs,Trojan
628,http://wwww.fabioalbini.com/Order.zip?snaVs8Hxk1UBauZlc5pQcGW7,Trojan
629,http://wwww.emrlogistics.com/fr/to2.exe,Trojan
630,http://wwww.cortesidesign.com/Avviso.zip,Trojan
631,http://wwww.cortesidesign.com/Avviso.zip,Trojan
632,http://www.writingassociates.com/img/lks.exe,Trojan
633,http://www.troytempest.com/DHLDocument.zip,Trojan
634,http://www.villalecchi.com/images/min/b41.exe,Trojan
635,http://www.troytempest.com/DHLDocument.zip,Trojan
636,http://www.sasson-cpa.co.il/Progetto.zip?iWPpEOb,Trojan
637,http://www.sasson-cpa.co.il/Progetto.zip,Trojan
638,http://www.rainbowcolours.me.uk/z14.exe,Trojan
639,http://www.rainbowcolours.me.uk/g17.exe,Trojan
640,http://www.progettocrea.org/wp-content/themes/telekom/telekom_deutschland_gmbh,Trojan
641,http://www.ns1.the-sinner.net/modules/webstat/vodafone_service_d2,Trojan
642,http://www.nctbonline.co.uk/InvoiceCopy.scr,Trojan
643,http://www.ms11.net/%7Ecarmine/DHL%20Document.zip,Trojan
644,http://www.mediatrade.h19.ru/Our,Trojan
645,http://www.mahindrainsurance.com/Informazioni/risposta_info_1103.zip,Trojan
646,http://www.mahindrainsurance.com/Informazioni/mail_info_11032014.zip,Trojan
647,http://www.mahindrainsurance.com/Informazioni/Conferma.zip,Trojan
648,http://www.mahindrainsurance.com/info/Mail_Info_11032014.zip,Trojan
649,http://www.mahindrainsurance.com/info/conferma.zip,Trojan
650,http://www.mahindrainsurance.com/Download_Risposta/Risposta.zip,Trojan
651,http://www.mahindrainsurance.com/Download_Risposta/Mail_Info_11032014.zip,Trojan
652,http://www.mahindrainsurance.com/download_doc/Risposta_Info_1103.zip,Trojan
653,http://www.mahindrainsurance.com/download_doc/risposta.zip,Trojan
654,http://www.mahindrainsurance.com/informazioni/risposta_info_1103.zip?david.cozens+at+martindale.com_rdynpk7uwzi,Trojan
655,http://www.mahindrainsurance.com/informazioni/risposta_info_1103.zip?david.cozens%20at%20martindale.com_rdynpk7uwzi,Trojan
656,http://www.mahindrainsurance.com/informazioni/risposta_info_1103.zip?david.cozens,Trojan
657,http://www.mahindrainsurance.com/informazioni/risposta_info_1103.zip?abstracts%20at%20ages.com.au_yzoxmlfe0f,Trojan
658,http://www.mahindrainsurance.com/informazioni/mail_info_11032014.zip?selene-68b%20at%20libero.it,Trojan
659,http://www.mahindrainsurance.com/Informazioni/Conferma.zip?aannuzzo574@libero.it,Trojan
660,http://www.mahindrainsurance.com/info/mail_info_11032014.zip?lerchc@kliniken-koeln.de_yex86uhg,Trojan
661,http://www.mahindrainsurance.com/info/mail_info_11032014.zip?itas00@virgilio.it_skwsq,Trojan
662,http://www.mahindrainsurance.com/info/mail_info_11032014.zip?itas00,Trojan
663,http://www.mahindrainsurance.com/Info/Mail_Info_11032014.zip?58311xaNf5r7s,Trojan
664,http://www.mahindrainsurance.com/info/mail_info_11032014.zip?2472316zzqa1knqcgu,Trojan
665,http://www.mahindrainsurance.com/Info/Mail_Info_11032014.zip?11870953rILDR,Trojan
666,http://www.mahindrainsurance.com/Info/Mail_Info_11032014.zip?02127pOiaw5LoQ,Trojan
667,http://www.mahindrainsurance.com/info/conferma.zip?michele.armaniniatlibero.it_uubafwuh,Trojan
668,http://www.mahindrainsurance.com/Download_Risposta/Risposta.zip?9949971rMqgj20wKB,Trojan
669,http://www.mahindrainsurance.com/download_risposta/mail_info_11032014.zip?90460199329lkggbup0,Trojan
670,http://www.mahindrainsurance.com/Download_Risposta/Mail_Info_11032014.zip?15844470966vrURcZ,Trojan
671,http://www.mahindrainsurance.com/download_doc/risposta_info_1103.zip?dbspa3@actaliscertymail.it_i8dqtqvi,Trojan
672,http://www.mahindrainsurance.com/Download_Doc/Risposta_Info_1103.zip?dbspa3@actaliscertymail.it_I8d,Trojan
673,http://www.mahindrainsurance.com/Download_Doc/Risposta_Info_1103.zip?cinziofarinelli@libero.it_7pzc6tde,Trojan
674,http://www.mahindrainsurance.com/download_doc/risposta_info_1103.zip?cinziofarinelli@libero.it,Trojan
675,http://www.mahindrainsurance.com/download_doc/risposta.zip?fernando.zellettaatalice.it_ftowwc,Trojan
676,http://www.mahindrainsurance.com/download_doc/risposta.zip?fernando.zelletta@alice.it_ftowwc,Trojan
677,http://www.mahindrainsurance.com/download_doc/risposta.zip?fernando.zelletta@alice.it,Trojan
678,http://www.innatek.com/ListinoPrezzi.zip,Trojan
679,http://www.innatek.com/ListinoPrezzi.zip?SEmfjmWrPDXEz,Trojan
680,http://www.hobbat.fvds.ru/DHL%20Document.zip,Trojan
681,http://www.hobbat.fvds.ru/DHL,Trojan
682,http://www.hnskorea.co.kr/alberta/dingo.exe,Trojan
683,http://www.grendizer.biz/statistiche/fattura05032014.zip,Trojan
684,http://www.gulf-industrial.com/images/2103USa.qta,Trojan
685,http://www.grendizer.biz/ordine/info.zip,Trojan
686,http://www.grendizer.biz/ordine/fattura05032014.zip,Trojan
687,http://www.grendizer.biz/Informazioni/statistiche.zip,Trojan
688,http://www.grendizer.biz/Informazioni/ordine4582923332.zip,Trojan
689,http://www.grendizer.biz/Informazioni/Fattura05032014.zip,Trojan
690,http://www.grendizer.biz/Informazioni/Info.zip,Trojan
691,http://www.grendizer.biz/fattura/statistiche.zip,Trojan
692,http://www.grendizer.biz/fattura/ordine4582923332.zip,Trojan
693,http://www.grendizer.biz/fattura/fattura05032014.zip,Trojan
694,http://www.grendizer.biz/statistiche/fattura05032014.zip?qgbaprb3jqghxxof,Trojan
695,http://www.grendizer.biz/ordine/info.zip?phmtllqsewlgejrea3r_emanuele.monfriniatfastwebnet.it,Trojan
696,http://www.grendizer.biz/ordine/info.zip?phmtllqsewlgejrea3r_emanuele.monfrini+at+fastwebnet.it,Trojan
697,http://www.grendizer.biz/ordine/info.zip?phmtllqsewlgejrea3r_emanuele.monfrini%20at%20fastwebnet.it,Trojan
698,http://www.grendizer.biz/ordine/info.zip?phmtllqsewlgejre=,Trojan
699,http://www.grendizer.biz/ordine/fattura05032014.zip?xx0frhnydqgzvzfzugbs5xm,Trojan
700,http://www.grendizer.biz/ordine/fattura05032014.zip?uiukcav35d,Trojan
701,http://www.grendizer.biz/informazioni/statistiche.zip?vfw=,Trojan
702,http://www.grendizer.biz/informazioni/statistiche.zip?vfww8lyfaiccpr_elke.staiger+at+fdp.landtag-bw.de,Trojan
703,http://www.grendizer.biz/informazioni/ordine4582923332.zip?boweipzoa374cr_info@bikesplaza.nl,Trojan
704,http://www.grendizer.biz/Informazioni/Info.zip?17kDYCBNi6t,Trojan
705,http://www.grendizer.biz/Informazioni/Fattura05032014.zip?zav6BNgeGvW89WPVOQlRX,Trojan
706,http://www.grendizer.biz/fattura/statistiche.zip?l7ucqay9bgq6i6sk,Trojan
707,http://www.grendizer.biz/fattura/ordine4582923332.zip?vybhzpsoxzapz0xdt,Trojan
708,http://www.grendizer.biz/fattura/fattura05032014.zip?jwui91zljfn,Trojan
709,http://www.grendizer.biz/fattura/fattura05032014.zip?dzmooxysgf3yt6ju2ehhm,Trojan
710,http://www.grendizer.biz/fattura/fattura05032014.zip?9hq3vacty6ggvex,Trojan
711,http://www.dougmlee.com/DHL,Trojan
712,http://www.dougmlee.com/DHL%20Document.zip,Trojan
713,http://www.destre45.com/p/svhost.exe,Trojan
714,http://www.destre45.com/p/f.exe,Trojan
715,http://www.demo.vertexinfo.in/conclusione/dettagli.zip,Trojan
716,http://www.demo.vertexinfo.in/conclusione/dettagli.zip?formazione@feldenkrais.it,Trojan
717,http://www.demo.vertexinfo.in/conclusione/dettagli.zip?formazione%20at%20feldenkrais.it,Trojan
718,http://www.decrolyschool.be/backup/1_1_777.exe,Trojan
719,http://www.decografix.com/wp-content/uploads/2014/03/b41.exe,Trojan
720,http://www.csmail.iggcn.com/temp/service_mail/attachments/2014/03/11/2014031105343091111.zip,Trojan
721,http://www.cope.it/templates/webstat/finanzgruppe_volksbanken_ne/index,Trojan
722,http://www.csmail.iggcn.com/temp/service_mail/attachments/2014/03/11/2014031105343091111.zip,Trojan
723,http://www.classicspeedway.com/ff.exe,Trojan
724,http://www.centralwestwater.com.au/Estratto/Dati.zip,Trojan
725,http://www.centralwestwater.com.au/Dettagli_Fatture.zip,Trojan
726,http://www.centralwestwater.com.au/Conto.zip,Trojan
727,http://www.centralwestwater.com.au/Estratto/Dati.zip,Trojan
728,http://www.centralwestwater.com.au/Dettagli_Fatture.zip?aladinodepaulis@uniadriatica.it,Trojan
729,http://www.centralwestwater.com.au/Conto.zip?gZ5lXOdeRY7y,Trojan
730,http://www.americancareconcept.com/modules/webstat/rechnungonline_telekom_rt/2014_05_rechnungonline_8290155236sign.zip,Trojan
731,http://www.americancareconcept.com/modules/webstat/rechnungonline_telekom_rt/2014_05_rechnungonline_8290155236sign.zip,Trojan
732,http://www.amazingvacationhotels.com/wp-content/themes/HotelWeb2/connect/mac.exe,Trojan
733,http://www.kadirzerey.com/wp-content/themes/genegri/file.ecr,Trojan
734,http://www.murbil.hostei.com/wp-content/themes/Mizzo/file.ecr,Trojan
735,http://www.rentfromart.com/media/system/images/Java.exe,Trojan
736,http://www.uploads.tmweb.ru/sFAAd3uEW9.exe,Trojan
737,http://www.strangeduckfilms.com/222,Trojan
738,http://www.arkinsoftware.in/images/nukotobne.exe,Trojan
739,http://www.arkinsoftware.in/images/inexsabit.exe,Trojan
740,http://www.arkinsoftware.in/images/aveksynkens.exe,Trojan
741,http://www.beespace.com.ua/hook/hookkey.exe,Trojan
742,http://www.sadiqtv.com/111,Trojan
743,http://www.rallyeair.com/111,Trojan
744,http://www.nbook.far.ru/111,Trojan
745,http://www.pgalvaoteles.pt/111,Trojan
746,http://www.lefos.net/111,Trojan
747,http://www.gogetgorgeous.com/111,Trojan
748,http://www.decota.es/111,Trojan
749,http://www.beautysafari.com/111,Trojan
750,http://www.axisbuild.com/111,Trojan
751,http://www.loft2126.dedicatedpanel.com/cra/s.exe,Trojan
752,http://www.loft2126.dedicatedpanel.com/vvv.exe,Trojan
753,http://www.chaveiro.bio.br/tmp/AcbtReader.exe,Trojan
754,http://www.campamento.queenscamp.com/yuppie/staying,Trojan
755,http://www.ftp.flyfishusa.com/lords/vanishings,Trojan
756,http://www.optimization-methods.com/Bilder/calc.exe,Trojan
757,http://www.paraskov.com/err.exe,Trojan
758,http://www.tatschke.net/hbc.exe,Trojan
759,http://www.wt10.haote.com/jywgxrjzd.exe,Trojan
760,http://www.www.fiduciariobajio.com.mx/plugins/content/hltv.exe,Trojan
760,http://wwww.fiduciariobajio.com.mx/plugins/content/hltv.exe,Trojan
761,http://www.cmicapui.ce.gov.br/components/com_phocadownload/helpers/modu.exe,Trojan
762,http://www.harshwhispers.com/img/dunptty.gif,Trojan
763,http://www.harshwhispers.com/img/wxynts.gif,Trojan
764,http://www.prorodeosportmed.com/templates/atomic/html/mod_custom/default.xx,Trojan
765,http://www.xicaxique.com.br/catalog/view/theme/default/image/image102.jpg,Trojan
766,http://www.iybasketball.info/wp-content/themes/twentytwelve/lo.exe,Trojan
767,http://www.loft2126.dedicatedpanel.com/pnn/1.txt,Trojan
768,http://www.loft2126.dedicatedpanel.com/pnn/12.exe,Trojan
769,http://www.loft2126.dedicatedpanel.com/pnn/20.exe,Trojan
770,http://www.hexadl.line55.net/FLV_Media_Player.exe,Trojan
771,http://www.hexadl.line55.net/FLV-HD.exe,Trojan
772,http://www.fbku.com/yeni/Porno-HD.exe,Trojan
773,http://www.getdatanetukscan.info/sp32_64_10044639319006172375.exe,Trojan
774,http://www.getdatanetukscan.info/sp32_64_3491943367355003623.exe,Trojan
775,http://www.d32k27yvyi4kmv.cloudfront.net/installer/Installer.exe,Trojan
776,http://www.extreembilisim.com/themes/blue/Cure.exe,Trojan
777,http://www.extreembilisim.com/themes/blue/panelServerCrypted.exe,Trojan
778,http://www.nailbytes1.com/test/86lkL2Xpxa.exe,Trojan
779,http://www.hoerbird.net/galerie/w4f3f4.exe,Trojan
780,http://www.josip-stadler.org/11,Trojan
781,http://www.loft2126.dedicatedpanel.com/b.exe,Trojan
782,http://www.chsplantsales.co.uk/werwre56,Trojan
783,http://www.cudacorp.com/shqgowox,Trojan
784,http://www.jdfabrication.com/ihfipiex,Trojan
785,http://www.mueller-holz-bau.com/v28nyn27,Trojan
786,http://www.perfectionautorepairs.com/jkcokunrh,Trojan
787,http://www.pharmadeal.gr/nfqnaanl,Trojan
788,http://www.testtralala.xorg.pl/s6i8yn,Trojan
789,http://www.www.super8service.de/zf0yx,Trojan
789,http://wwww.super8service.de/zf0yx,Trojan
790,http://www.whitehorsetechnologies.net/images/clients/x/mail.php,Phishing
791,http://www.dimarsbg.com/images/portfolio/vtutmcireturxeitritxirete/rcturtncuyretycrutycreu.exe,Trojan
792,http://www.dimarsbg.com/images/prettyPhoto/light_rounded/jicmtritucirutmucr.exe,Trojan
793,http://www.dimarsbg.com/images/social_media/vuiutcimrieiurxiexerexrexrerex/vrituiruixtuieruxtireuit.exe,Trojan
794,http://www.thewinesteward.com/css/Document1704.exe,Trojan
795,http://www.eternitymobiles.com/25/144.exe,Trojan
796,http://www.e-matelco.com/25/144.exe,Trojan
797,http://www.TRIANGLESERVICESLTD.COM/25/144.exe,Trojan
798,http://www.hobby-hangar.net/25/144.exe,Trojan
799,http://www.creditbootcamp.com/25/144.exe,Trojan
800,http://www.hana-naveh.com/25/144.exe,Trojan
801,http://www.gurde.tourstogo.us/leefoohopt/ezussoadyz/utufegheer/files/GO49776M.vbs,Trojan
802,http://www.eekro.cruisingsmallship.com/oaglotogoa/pusoathuth/okexithejo/files/,Trojan
803,http://www.ptuph.barginginfrance.net/ytooglesyw/evymoftoph/leewhigroo/files/,Trojan
804,http://www.emits.iptvdeals.com/pigneglogl/psoomporso/whulsynsee/files/,Trojan
805,http://www.shovi.frost-electric-supply.com/ychoomusha/uptejawhee/eegelengic/files/,Trojan
806,http://www.iptoo.cruisingsmallship.com/cocmeepsee/nikagnypsi/hoaboogrol/files/,Trojan
807,http://www.uchyz.cruisingsmallship.com/vootukigli/shacmiwhoa/zipevelrid/files/,Trojan
808,http://www.eecky.butlerelectricsupply.com/oalseebypt/hidowodruf/phaptyrsoa/files/,Trojan
809,http://www.zyrdu.cruisingsmallship.com/vyglachaph/choawoatch/glocoaphoo/files/,Trojan
810,http://www.ixoox.csheaven.com/ytoocmefta/ythyreejyk/eeshoomoar/files/,Trojan
811,http://www.gylra.cruisingsmallship.com/talsoohaha/icoagroapt/oglaheeglo/files/,Trojan
812,http://www.oshoo.iptvdeals.com/oachudydri/theshasicm/chyshyngee/files/,Trojan
813,http://www.coaha.frenchgerlemanelectric.com/atydymulra/psoaptylty/ywhopaptyl/files/,Trojan
814,http://www.echoa.randbinternationaltravel.com/wheekresip/lesorgysoj/oasemteefu/files/,Trojan
815,http://www.ooksu.frost-electric-supply.com/sebossoode/itylseehyh/grykrostad/files/,Trojan
816,http://www.efugl.iptvdeals.com/avoamsyrga/ujecketird/fudsoonsep/files/,Trojan
817,http://www.ptool.barginginfrance.net/wadostomot/oophosagli/tipsosteen/files/,Trojan
818,http://www.ocick.frost-electric-supply.com/nasaghytho/whofydroon/glotchypiv/files/,Trojan
819,http://www.xotsa.frenchgerlemanelectric.com/apsestooxo/iwheewhosh/keckalrees/files/,Trojan
820,http://www.veksi.barginginfrance.net/oassemsoci/psolsoapsi/netsoorgaw/files/,Trojan
821,http://www.ukugl.tourstogo.us/shudsoangu/whooglagoz/isestipsep/files/,Trojan
822,http://www.greev.randbinternationaltravel.com/sheptighut/groadratoa/omedryglol/files/,Trojan
823,http://www.simpi.tourstogo.us/vodopsoopu/dumseessee/viphadeeph/files/,Trojan
824,http://www.iwhab.randbinternationaltravel.com/etuwotsols/phydretack/psyveshool/files/,Trojan
825,http://www.whabi.csheaven.com/ehetsusywh/yglegrehee/jitypsewhy/files/,Trojan
826,http://www.nonsi.csheaven.com/udoartorsa/oathampoat/uzostecmew/files/,Trojan
827,http://www.namso.butlerelectricsupply.com/yfuksajozi/phidampoas/ufykampoap/files/,Trojan
828,http://www.eroov.iptvdeals.com/wheedessyh/uptoowhooj/urognotchy/files/,Trojan
829,http://www.rawoo.barginginfrance.net/deethevoaz/upsachoaju/poastycith/files/,Trojan
830,http://www.hoawy.frost-electric-supply.com/synestyfoo/oampansoam/fetuksessu/files/,Trojan
831,http://www.wetyt.tourstogo.us/shissashee/abekekurdi/oagrusteel/files/,Trojan
832,http://www.uvidu.butlerelectricsupply.com/ephuhoawud/fodrejymta/pugnovesho/files/,Trojan
833,http://www.asham.tourstogo.us/oadirteeph/eeroaghyss/evoarsoshi/files/,Trojan
834,http://www.oakso.tourstogo.us/pheekseeku/kirystobul/exeedsoots/files/,Trojan
835,http://www.dujur.barginginfrance.net/oampimsika/foowimupho/thampoperd/files/,Trojan
836,http://www.keemy.butlerelectricsupply.com/zyrsoltoah/duftuxoxyz/epheenyzug/files/,Trojan
837,http://www.ithyk.frenchgerlemanelectric.com/cywhamsoaj/thamtampee/oodsardoon/files/,Trojan
838,http://www.vitha.csheaven.com/awygludoav/ooghooksek/puptywoamt/files/,Trojan
839,http://www.esoad.frost-electric-supply.com/psutsoshup/phastupsim/tigrystolt/files/,Trojan
840,http://www.gurde.tourstogo.us/leefoohopt/ezussoadyz/utufegheer/files/,Trojan
841,http://www.oampa.csheaven.com/ovoamegloa/ishoodooho/whetcheeng/files/,Trojan
842,http://www.acool.csheaven.com/okoassetch/buweegnogr/ereedrimtu/files/,Trojan
843,http://www.phoaz.cruisingsmallship.com/thymuksate/ysigorguru/stogroaryf/files/,Trojan
844,http://www.oshoa.iptvdeals.com/whoagrofta/shaphygyft/oomtyrtogl/files/,Trojan
845,http://www.psooz.tourstogo.us/joacumupty/yduhoalrow/ooksyfoogl/files/,Trojan
846,http://www.oolsi.frost-electric-supply.com/eerutsuleh/oamteejigl/shogrodroo/files/,Trojan
847,http://www.kulro.csheaven.com/dersyphalr/kyjorsoalt/rywoarsoaz/files/,Trojan
848,http://www.eeroo.frost-electric-supply.com/phoagnonga/oshuzoathu/anunserogy/files/,Trojan
849,http://www.gyboo.cruisingsmallship.com/phyckyhert/oaltesteef/ptoneewhis/files/,Trojan
850,http://www.rumog.frost-electric-supply.com/ooxyphuxoa/oodrirolta/javyphepti/files/,Trojan
851,http://www.veevu.tourstogo.us/yxampoavoo/psopansoom/ithexoakib/files/,Trojan
852,http://www.eetho.cruisingsmallship.com/fustochoox/areltussen/hoogroxuga/files/,Trojan
853,http://www.oojee.barginginfrance.net/poovajywhi/ooghovelee/madroompob/files/,Trojan
854,http://www.igoby.frost-electric-supply.com/eesefteeps/ookeestool/meefeleezu/files/,Trojan
855,http://www.upsoj.iptvdeals.com/doaryruptu/uroassulah/foomosoglo/files/,Trojan
856,http://www.oosee.barginginfrance.net/buksyngems/boofoostiw/orignujonu/files/,Trojan
857,http://www.oawoo.frenchgerlemanelectric.com/utyfatheex/nurirsoaja/rojingaroo/files/,Trojan
858,http://www.whave.iptvdeals.com/panoowyxoz/oazicmitov/ptampordap/files/,Trojan
859,http://www.kyrsu.frost-electric-supply.com/wowoathept/grishamesa/weemoseevo/files/,Trojan
860,http://www.mocka.frost-electric-supply.com/zarseehetu/igaksuxals/kyroalopsa/files/,Trojan
861,http://www.pulso.butlerelectricsupply.com/uthoachugr/uceerdyhap/ochadikist/files/,Trojan
862,http://www.nefib.tourstogo.us/shoampakre/igoawootsi/greengeeku/files/,Trojan
863,http://www.oapsa.tourstogo.us/looreeneps/yshoobeeje/syshyshogo/files/,Trojan
864,http://www.azoos.csheaven.com/eechoawoap/rissupsuns/bigleeptuf/files/,Trojan
865,http://www.ptush.iptvdeals.com/oapsoadoov/vooglebopo/oasoardexy/files/,Trojan
866,http://www.zibup.csheaven.com/ypsoophoov/ptycmympub/teezukedoo/files/,Trojan
867,http://www.atyss.barginginfrance.net/aseerteert/ootoorezav/olaweersyb/files/,Trojan
868,http://www.ptewh.iptvdeals.com/foogloajuc/eeshedyfon/yvookrynso/files/,Trojan
869,http://www.igroo.barginginfrance.net/ogroatashy/osynoonsax/ydumtixivy/files/,Trojan
870,http://www.oofuv.cruisingsmallship.com/oozughoars/psoakraghi/oawygroors/files/,Trojan
871,http://www.pigra.csheaven.com/eveebichoa/xygyrtoolt/ooholtoaka/files/,Trojan
872,http://www.dofeb.frenchgerlemanelectric.com/iglejimoar/upsudypooz/leepeegrah/files/,Trojan
873,http://www.igagh.tourstogo.us/chogoajeep/uhozyngako/iphoasteer/files/,Trojan
874,http://www.estoa.frost-electric-supply.com/ukoatiptyv/upseeboapo/ufekyckaft/files/,Trojan
875,http://www.ubike.tourstogo.us/lussoaglee/raxadsunyx/oatchingoa/files/,Trojan
876,http://www.boogu.barginginfrance.net/peehejoaty/avugnemtee/hibygnoars/files/,Trojan
877,http://www.oowhe.frost-electric-supply.com/ejisoozach/esisseeloo/oajilitsof/files/,Trojan
878,http://www.nugly.barginginfrance.net/oogamtoafo/eestathici/athiphisik/files/,Trojan
879,http://www.www.motivacionyrelajacion.com/Z0H24k7E6A/,Trojan
880,http://www.executivecoaching.co.il/IsKgVrtvQ/,Trojan
881,http://www.atlcourier.com/wp-content/plugins/cached_data/k1.exe,Trojan
882,http://www.www.mondoperaio.net/wp-content/plugins/cached_data/k1.exe,Trojan
879,http://wwww.motivacionyrelajacion.com/Z0H24k7E6A/,Trojan
880,http://www.executivecoaching.co.il/IsKgVrtvQ/,Trojan
881,http://www.atlcourier.com/wp-content/plugins/cached_data/k1.exe,Trojan
882,http://wwww.mondoperaio.net/wp-content/plugins/cached_data/k1.exe,Trojan
883,http://www.fondazioneciampi.org/nuovo/blogs/media/ap2.php,Trojan
884,http://www.europe-academy.net/wp-admin/user/ap2.php,Trojan
885,http://www.lunaticjazz.com,Trojan
886,http://www.earthcontrolsys.com/abuse_report.php?issviews.com,Trojan
887,http://www.www.drteachme.com/wp-content/plugins/theme-check/misc.php,Trojan
888,http://www.eeps.me/,Phishing
889,http://www.www.scantanzania.com/bin/img/make.html,Phishing
890,http://www.inclusivediversity.co.uk/wp-content/upgrade/,redirect
891,http://www.www.proascolcolombia.com/portal/modules/mod_banners/Imprimir_IntimacaoCTI2015-03698541.rar?cli=Cliente&/yRpBKPujKU/nNqRc6QsuO.php,Trojan
892,http://www.www.proascolcolombia.com/portal/modules/mod_banners/Imprimir_IntimacaoCTI2015-03698541.rar?cli=Cliente&/yRpBKPujKU/nNqRc6QsuO.php,Trojan
887,http://wwww.drteachme.com/wp-content/plugins/theme-check/misc.php,Trojan
888,http://www.eeps.me/,Phishing
889,http://wwww.scantanzania.com/bin/img/make.html,Phishing
890,http://www.inclusivediversity.co.uk/wp-content/upgrade/,redirect
891,http://wwww.proascolcolombia.com/portal/modules/mod_banners/Imprimir_IntimacaoCTI2015-03698541.rar?cli=Cliente&/yRpBKPujKU/nNqRc6QsuO.php,Trojan
892,http://wwww.proascolcolombia.com/portal/modules/mod_banners/Imprimir_IntimacaoCTI2015-03698541.rar?cli=Cliente&/yRpBKPujKU/nNqRc6QsuO.php,Trojan
893,http://www.wonchangvacuum.com.my/libraries/pear/mandate.htm,Phishing
894,http://www.gosciniec-paproc.pl/lib/excel/kamp.php,Phishing
895,http://www.deleondeos.com/img/script.php?tup1.jpg,Trojan
896,http://www.deleondeos.com/img/script.php?tup2.jpg,Trojan
897,http://www.deleondeos.com/img/script.php?tup3.jpg,Trojan
898,http://www.www.icybrand.eu/pathway/created/accelerated/mailuserlg/savealife/trwrwbejtw.zip,Phishing
899,http://www.www.icybrand.eu/pathway/created/accelerated/mailuserlg/savealife/trwrwbejtw/viewer.php,Phishing
900,http://www.www.gold-city.it/image/_vti_cnf/app/psi.exe,Trojan
901,http://www.www.cerquasas.it/wp-admin/user/UPS_INVOICE.rar,Trojan
898,http://wwww.icybrand.eu/pathway/created/accelerated/mailuserlg/savealife/trwrwbejtw.zip,Phishing
899,http://wwww.icybrand.eu/pathway/created/accelerated/mailuserlg/savealife/trwrwbejtw/viewer.php,Phishing
900,http://wwww.gold-city.it/image/_vti_cnf/app/psi.exe,Trojan
901,http://wwww.cerquasas.it/wp-admin/user/UPS_INVOICE.rar,Trojan
902,http://www.izzy-cars.nl/9uj8n76b5.exe,Trojan
903,http://www.stopmeagency.free.fr/9uj8n76b5.exe,Trojan
904,http://www.reclamus.com/9uj8n76b5.exe,Trojan
905,http://www.lhs-mhs.org/9uj8n76b5.exe,Trojan
906,http://www.zt.tim-taxi.com/login.php,Phishing
907,http://www.marialorena.com.br/wp-content/plugins/hello123/8888ytc6r.exe,Trojan
908,http://www.buildviet.info/servicer/fattura/,Trojan
909,http://www.avokka.com/Panel/dl.exe,Trojan
910,http://www.avokka.com/Panel/gate.php,Trojan
911,http://www.www.jcmarcadolib.com/hbc/a.php,Phishing
912,http://www.euro-vertrieb.com/hosteurope/KIS-Login.htm,Phishing
913,http://www.coffeol.com/fend/raw_server.exe,Trojan
914,http://www.www.pgathailand.com/which.exe,Trojan
911,http://wwww.jcmarcadolib.com/hbc/a.php,Phishing
912,http://www.euro-vertrieb.com/hosteurope/KIS-Login.htm,Phishing
913,http://www.coffeol.com/fend/raw_server.exe,Trojan
914,http://wwww.pgathailand.com/which.exe,Trojan
915,http://www.jessisjewels.com/disk/update/postmaster/en/?ar=yourname@yourdomain.com,Phishing
916,http://www.tscl.com.bd/m/RI%20XIN%20QUOTATION%20LIST.zip,Trojan
917,http://www.art-archiv.ru/images/animated-number/docum-arhiv.exe,Trojan
918,http://www.kingskillz.ru/~kingskil/Prince/Man/lucy/mine/shit.exe,Trojan
919,http://www.raneevahijab.id/adnin/box/workspace/,Phishing
920,http://www.www.lifelabs.vn/api/get.php?id=aW5mb0BzYXBjdXBncmFkZXMuY29t,Trojan
920,http://wwww.lifelabs.vn/api/get.php?id=aW5mb0BzYXBjdXBncmFkZXMuY29t,Trojan
921,http://www.falconsafe.com.sg/api/get.php?id=aW5mb0BzYXBjdXBncmFkZXMuY29t,Trojan
922,http://www.fo5.a1-downloader.org/g2v9s1.php?id=yourname@yourdomain.com,Trojan
923,http://www.up.mykings.pw:8888/update.txt,Trojan
924,http://www.down.mykings.pw:8888/ver.txt,Trojan
925,http://www.down.mykings.pw:8888/ups.rar,Trojan
926,http://www.ssl-6582datamanager.de/,redirect
927,http://www.privatkunden.datapipe9271.com/,Phishing
928,http://www.amazon-sicherheit.kunden-ueberpruefung.xyz,Phishing
929,http://www.sarahdaniella.com/swift/SWIFT%20$.pdf.ace,Trojan
930,http://www.textspeier.de,Phishing
931,http://www.photoscape.ch/Setup.exe,Trojan
